CRUISE,ORIGINAL,COMPILED,Time,Year,Month,Day,Hour,Minute,Second,Longitude,Latitude,Depth,ID,Variable,Units,405,411,443,455,465,510,520,530,550,555,560,565,570,590,619,625,665,670,683,715,750
Beagle2003Leg1,Beagle,CSIRO,2003-08-04T00:53:00Z,2003,08,04,00,53,00,153.5983,-30.0842,0,Beagle2003Leg1_2003-08-04T00:53:00Z,ap,m-1,NA,NA,NA,NA,NA,0.0116,0.009,0.0072,0.0046,0.0042,0.0036,0.0033,0.0031,0.0037,0.0039,0.0041,0.0092,0.0122,0.011,0.0006,0
Beagle2003Leg1,Beagle,CSIRO,2003-08-05T01:00:00Z,2003,08,05,01,00,00,154.4967,-30.0855,0,Beagle2003Leg1_2003-08-05T01:00:00Z,ap,m-1,NA,NA,NA,NA,NA,0.0082,0.0061,0.0045,0.0025,0.0022,0.0019,0.0018,0.0017,0.0024,0.0024,0.0026,0.0056,0.0078,0.0074,0.0003,0
Beagle2003Leg1,Beagle,CSIRO,2003-08-05T22:06:00Z,2003,08,05,22,06,00,156.5297,-30.0828,0,Beagle2003Leg1_2003-08-05T22:06:00Z,ap,m-1,NA,NA,NA,NA,NA,0.0062,0.0046,0.0034,0.0019,0.0018,0.0015,0.0014,0.0013,0.0018,0.0018,0.0018,0.004,0.0056,0.0054,0.0003,0
Beagle2003Leg1,Beagle,CSIRO,2003-08-06T22:22:00Z,2003,08,06,22,22,00,158.6827,-30.0773,0,Beagle2003Leg1_2003-08-06T22:22:00Z,ap,m-1,NA,NA,NA,NA,NA,0.0077,0.0055,0.004,0.0023,0.0021,0.0018,0.0017,0.0015,0.002,0.0021,0.0022,0.005,0.0069,0.0066,0.0002,0
Beagle2003Leg1,Beagle,CSIRO,2003-08-07T20:47:00Z,2003,08,07,20,47,00,161.5043,-30.0832,0,Beagle2003Leg1_2003-08-07T20:47:00Z,ap,m-1,NA,NA,NA,NA,NA,0.0077,0.0056,0.0041,0.0023,0.0021,0.0018,0.0016,0.0016,0.0021,0.0021,0.0023,0.0052,0.0072,0.0065,0.0003,0
Beagle2003Leg1,Beagle,CSIRO,2003-08-09T02:03:00Z,2003,08,09,02,03,00,165.4083,-30.0832,0,Beagle2003Leg1_2003-08-09T02:03:00Z,ap,m-1,NA,NA,NA,NA,NA,0.0089,0.0064,0.0046,0.0025,0.0023,0.002,0.0018,0.0017,0.0024,0.0023,0.0026,0.0059,0.0082,0.0074,0.0001,0
Beagle2003Leg1,Beagle,CSIRO,2003-08-10T00:04:00Z,2003,08,10,00,04,00,166.4913,-30.0775,0,Beagle2003Leg1_2003-08-10T00:04:00Z,ap,m-1,NA,NA,NA,NA,NA,0.0064,0.0045,0.0032,0.0018,0.0017,0.0014,0.0012,0.0012,0.0016,0.0016,0.0018,0.0043,0.0059,0.0057,0.0001,0
Beagle2003Leg1,Beagle,CSIRO,2003-08-11T00:47:00Z,2003,08,11,00,47,00,167.4983,-30.082,0,Beagle2003Leg1_2003-08-11T00:47:00Z,ap,m-1,NA,NA,NA,NA,NA,0.0095,0.0068,0.005,0.0027,0.0025,0.0021,0.0019,0.0018,0.0027,0.0027,0.0028,0.0067,0.0091,0.0082,0.0004,0
Beagle2003Leg1,Beagle,CSIRO,2003-08-11T04:03:00Z,2003,08,11,04,03,00,167.9983,-30.082,0,Beagle2003Leg1_2003-08-11T04:03:00Z,ap,m-1,NA,NA,NA,NA,NA,0.0113,0.0081,0.0059,0.0033,0.0029,0.0024,0.0023,0.0023,0.0031,0.0032,0.0034,0.0078,0.0107,0.0092,0.0003,0
Beagle2003Leg1,Beagle,CSIRO,2003-08-11T20:47:00Z,2003,08,11,20,47,00,169.997,-30.0803,0,Beagle2003Leg1_2003-08-11T20:47:00Z,ap,m-1,NA,NA,NA,NA,NA,0.0092,0.0068,0.005,0.0027,0.0024,0.0021,0.0019,0.0018,0.0025,0.0026,0.0027,0.0061,0.0083,0.008,0.0004,0
Beagle2003Leg1,Beagle,CSIRO,2003-08-12T01:13:00Z,2003,08,12,01,13,00,170.499,-30.095,0,Beagle2003Leg1_2003-08-12T01:13:00Z,ap,m-1,NA,NA,NA,NA,NA,0.0112,0.0083,0.0061,0.0037,0.0033,0.0029,0.0027,0.0025,0.0032,0.0032,0.0034,0.0074,0.0101,0.0092,0.0004,0
Beagle2003Leg1,Beagle,CSIRO,2003-08-13T00:40:00Z,2003,08,13,00,40,00,172.9992,-30.0843,0,Beagle2003Leg1_2003-08-13T00:40:00Z,ap,m-1,NA,NA,NA,NA,NA,0.0076,0.0055,0.004,0.0021,0.0019,0.0017,0.0016,0.0016,0.0022,0.0022,0.0023,0.0052,0.0071,0.0061,0.0003,0
Beagle2003Leg1,Beagle,CSIRO,2003-08-14T00:52:00Z,2003,08,14,00,52,00,176.01,-30.0083,0,Beagle2003Leg1_2003-08-14T00:52:00Z,ap,m-1,NA,NA,NA,NA,NA,0.0134,0.0098,0.007,0.0036,0.0033,0.0028,0.0026,0.0025,0.0037,0.0036,0.0039,0.0091,0.0126,0.0107,0.0002,0
Beagle2003Leg1,Beagle,CSIRO,2003-08-15T01:31:00Z,2003,08,15,01,31,00,177.9867,-31.5832,0,Beagle2003Leg1_2003-08-15T01:31:00Z,ap,m-1,NA,NA,NA,NA,NA,0.0098,0.0071,0.0049,0.0027,0.0025,0.0021,0.0019,0.0018,0.0026,0.0026,0.0028,0.0068,0.0092,0.0082,0.0004,0
Beagle2003Leg1,Beagle,CSIRO,2003-08-15T19:31:00Z,2003,08,15,19,31,00,179.9177,-32.5,0,Beagle2003Leg1_2003-08-15T19:31:00Z,ap,m-1,NA,NA,NA,NA,NA,0.0093,0.007,0.0051,0.0028,0.0026,0.0022,0.002,0.0019,0.0027,0.0027,0.0029,0.0066,0.009,0.0081,0.0003,0
Beagle2003Leg1,Beagle,CSIRO,2003-08-15T23:28:00Z,2003,08,15,23,28,00,-179.583,-32.5025,0,Beagle2003Leg1_2003-08-15T23:28:00Z,ap,m-1,NA,NA,NA,NA,NA,0.0114,0.0083,0.0061,0.0034,0.0031,0.0026,0.0025,0.0024,0.0033,0.0033,0.0035,0.0084,0.0112,0.0094,0.0004,0
Beagle2003Leg1,Beagle,CSIRO,2003-08-16T23:00:00Z,2003,08,16,23,00,00,-177.3175,-31.934,0,Beagle2003Leg1_2003-08-16T23:00:00Z,ap,m-1,NA,NA,NA,NA,NA,0.009,0.0067,0.005,0.0028,0.0025,0.0022,0.002,0.002,0.0027,0.0027,0.0028,0.0062,0.0084,0.0074,0.0004,0
Beagle2003Leg1,Beagle,CSIRO,2003-08-17T17:59:00Z,2003,08,17,17,59,00,-178.2837,-32.5,0,Beagle2003Leg1_2003-08-17T17:59:00Z,ap,m-1,NA,NA,NA,NA,NA,0.0104,0.0076,0.0056,0.003,0.0027,0.0024,0.0022,0.0021,0.0029,0.0029,0.0031,0.0074,0.01,0.0085,0.0003,0
Beagle2003Leg1,Beagle,CSIRO,2003-08-18T01:41:00Z,2003,08,18,01,41,00,-178.0005,-32.5008,0,Beagle2003Leg1_2003-08-18T01:41:00Z,ap,m-1,NA,NA,NA,NA,NA,0.0075,0.0055,0.0041,0.0023,0.002,0.0018,0.0017,0.0017,0.0022,0.0021,0.0022,0.0047,0.0066,0.0058,0.0002,0
Beagle2003Leg1,Beagle,CSIRO,2003-08-18T20:58:00Z,2003,08,18,20,58,00,-177.3293,-31.9968,0,Beagle2003Leg1_2003-08-18T20:58:00Z,ap,m-1,NA,NA,NA,NA,NA,0.0097,0.0073,0.0053,0.0029,0.0025,0.0022,0.002,0.0019,0.0027,0.0027,0.0029,0.0066,0.0091,0.0081,0.0003,0
Beagle2003Leg1,Beagle,CSIRO,2003-08-19T03:40:00Z,2003,08,19,03,40,00,-176.7513,-32.4993,0,Beagle2003Leg1_2003-08-19T03:40:00Z,ap,m-1,NA,NA,NA,NA,NA,0.01,0.0073,0.0054,0.003,0.0027,0.0024,0.0023,0.0022,0.003,0.0028,0.003,0.0066,0.0091,0.0079,0.0004,0
Beagle2003Leg1,Beagle,CSIRO,2003-08-19T21:10:00Z,2003,08,19,21,10,00,-175.2548,-32.4812,0,Beagle2003Leg1_2003-08-19T21:10:00Z,ap,m-1,NA,NA,NA,NA,NA,0.0096,0.0071,0.0052,0.0028,0.0025,0.0022,0.002,0.002,0.0027,0.0027,0.0029,0.0064,0.0088,0.0078,0.0003,0
Beagle2003Leg1,Beagle,CSIRO,2003-08-20T18:30:00Z,2003,08,20,18,30,00,-173.6662,-32.5042,0,Beagle2003Leg1_2003-08-20T18:30:00Z,ap,m-1,NA,NA,NA,NA,NA,0.0112,0.0084,0.0064,0.0034,0.003,0.0026,0.0024,0.0023,0.0032,0.0033,0.0034,0.0078,0.0108,0.0094,0.0003,0
Beagle2003Leg1,Beagle,CSIRO,2003-08-21T17:43:00Z,2003,08,21,17,43,00,-171.9172,-32.4992,0,Beagle2003Leg1_2003-08-21T17:43:00Z,ap,m-1,NA,NA,NA,NA,NA,0.0078,0.0055,0.004,0.0022,0.0019,0.0017,0.0016,0.0015,0.0022,0.002,0.0022,0.0051,0.0071,0.0058,0.0001,0
Beagle2003Leg1,Beagle,CSIRO,2003-08-22T20:58:00Z,2003,08,22,20,58,00,-170.0022,-32.5025,0,Beagle2003Leg1_2003-08-22T20:58:00Z,ap,m-1,NA,NA,NA,NA,NA,0.0089,0.0064,0.0047,0.0026,0.0023,0.002,0.0019,0.0018,0.0026,0.0024,0.0025,0.0056,0.0076,0.0064,0.0003,0
Beagle2003Leg1,Beagle,CSIRO,2003-08-23T01:29:00Z,2003,08,23,01,29,00,-169.5038,-32.5003,0,Beagle2003Leg1_2003-08-23T01:29:00Z,ap,m-1,NA,NA,NA,NA,NA,0.0071,0.0051,0.0036,0.0019,0.0017,0.0015,0.0014,0.0014,0.002,0.0019,0.002,0.0043,0.006,0.0049,0.0002,0
Beagle2003Leg1,Beagle,CSIRO,2003-08-23T20:08:00Z,2003,08,23,20,08,00,-168.0153,-32.5018,0,Beagle2003Leg1_2003-08-23T20:08:00Z,ap,m-1,NA,NA,NA,NA,NA,0.0077,0.0057,0.004,0.0021,0.0019,0.0017,0.0016,0.0016,0.0022,0.0021,0.0022,0.0051,0.0069,0.0057,0.0002,0
Beagle2003Leg1,Beagle,CSIRO,2003-08-24T01:00:00Z,2003,08,24,01,00,00,-167.4995,-32.5025,0,Beagle2003Leg1_2003-08-24T01:00:00Z,ap,m-1,NA,NA,NA,NA,NA,0.0054,0.0038,0.0027,0.0014,0.0013,0.0011,0.0011,0.0011,0.0014,0.0015,0.0015,0.0034,0.0046,0.0038,0.0003,0
Beagle2003Leg1,Beagle,CSIRO,2003-08-24T16:21:00Z,2003,08,24,16,21,00,-165.8322,-32.4978,0,Beagle2003Leg1_2003-08-24T16:21:00Z,ap,m-1,NA,NA,NA,NA,NA,0.0078,0.0056,0.0039,0.002,0.0018,0.0016,0.0015,0.0015,0.0021,0.0021,0.0023,0.0053,0.0071,0.0056,0.0002,0
Beagle2003Leg1,Beagle,CSIRO,2003-08-25T20:01:00Z,2003,08,25,20,01,00,-165.1662,-32.4997,0,Beagle2003Leg1_2003-08-25T20:01:00Z,ap,m-1,NA,NA,NA,NA,NA,0.0057,0.0042,0.003,0.0016,0.0015,0.0013,0.0012,0.0012,0.0018,0.0016,0.0018,0.004,0.0054,0.0044,0.0002,0
Beagle2003Leg1,Beagle,CSIRO,2003-08-26T01:57:00Z,2003,08,26,01,57,00,-165.1662,-32.4997,0,Beagle2003Leg1_2003-08-26T01:57:00Z,ap,m-1,NA,NA,NA,NA,NA,0.0073,0.0054,0.004,0.0023,0.0021,0.0019,0.0018,0.0019,0.0024,0.0025,0.0025,0.0051,0.0069,0.0056,0.0005,0
Beagle2003Leg1,Beagle,CSIRO,2003-08-26T19:55:00Z,2003,08,26,19,55,00,-163.8353,-32.5008,0,Beagle2003Leg1_2003-08-26T19:55:00Z,ap,m-1,NA,NA,NA,NA,NA,0.0047,0.0033,0.0025,0.0014,0.0013,0.0013,0.0013,0.0012,0.0015,0.0016,0.0015,0.0034,0.0044,0.0034,0.0003,0
Beagle2003Leg1,Beagle,CSIRO,2003-08-27T00:56:00Z,2003,08,27,00,56,00,-163.1672,-32.499,0,Beagle2003Leg1_2003-08-27T00:56:00Z,ap,m-1,NA,NA,NA,NA,NA,0.0055,0.0039,0.0028,0.0016,0.0015,0.0013,0.0012,0.0012,0.0017,0.0016,0.0017,0.0037,0.0049,0.0038,0.0002,0
Beagle2003Leg1,Beagle,CSIRO,2003-08-27T18:04:00Z,2003,08,27,18,04,00,-161.1652,-32.499,0,Beagle2003Leg1_2003-08-27T18:04:00Z,ap,m-1,NA,NA,NA,NA,NA,0.0057,0.0042,0.0031,0.0018,0.0017,0.0015,0.0014,0.0014,0.0018,0.0017,0.0018,0.0038,0.0051,0.004,0.0003,0
Beagle2003Leg1,Beagle,CSIRO,2003-08-28T01:50:00Z,2003,08,28,01,50,00,-160.4937,-32.4953,0,Beagle2003Leg1_2003-08-28T01:50:00Z,ap,m-1,NA,NA,NA,NA,NA,0.0069,0.0048,0.0034,0.0017,0.0015,0.0013,0.0012,0.0012,0.0017,0.0017,0.0019,0.0044,0.006,0.0046,0.0001,0
Beagle2003Leg1,Beagle,CSIRO,2003-08-29T01:53:00Z,2003,08,29,01,53,00,-157.333,-32.4955,0,Beagle2003Leg1_2003-08-29T01:53:00Z,ap,m-1,NA,NA,NA,NA,NA,0.0039,0.0026,0.0019,0.0011,0.001,0.0009,0.0009,0.0009,0.0011,0.001,0.0011,0.0025,0.0033,0.0025,0.0002,0
Beagle2003Leg1,Beagle,CSIRO,2003-08-30T03:03:00Z,2003,08,30,03,03,00,-153.9948,-32.5,0,Beagle2003Leg1_2003-08-30T03:03:00Z,ap,m-1,NA,NA,NA,NA,NA,0.0036,0.0025,0.0018,0.001,0.0009,0.0008,0.0007,0.0007,0.001,0.001,0.0011,0.0024,0.0033,0.0025,0.0001,0
Beagle2003Leg1,Beagle,CSIRO,2003-08-31T00:57:00Z,2003,08,31,00,57,00,-151.4937,-32.4987,0,Beagle2003Leg1_2003-08-31T00:57:00Z,ap,m-1,NA,NA,NA,NA,NA,0.0038,0.0027,0.0018,0.0011,0.001,0.0008,0.0009,0.0009,0.0011,0.0012,0.0013,0.0028,0.0036,0.0028,0.0002,0
Beagle2003Leg1,Beagle,CSIRO,2003-08-31T18:04:00Z,2003,08,31,18,04,00,-148.999,-32.4997,0,Beagle2003Leg1_2003-08-31T18:04:00Z,ap,m-1,NA,NA,NA,NA,NA,0.0047,0.0032,0.0023,0.0012,0.0012,0.001,0.0011,0.001,0.0013,0.0014,0.0015,0.0033,0.0043,0.0033,0.0002,0
Beagle2003Leg1,Beagle,CSIRO,2003-09-01T03:23:00Z,2003,09,01,03,23,00,-148.1665,-32.5022,0,Beagle2003Leg1_2003-09-01T03:23:00Z,ap,m-1,NA,NA,NA,NA,NA,0.0032,0.0022,0.0016,0.001,0.001,0.0009,0.0008,0.0008,0.0011,0.001,0.001,0.0021,0.0026,0.0021,0.0003,0
Beagle2003Leg1,Beagle,CSIRO,2003-09-01T18:37:00Z,2003,09,01,18,37,00,-145.6635,-32.4995,0,Beagle2003Leg1_2003-09-01T18:37:00Z,ap,m-1,NA,NA,NA,NA,NA,0.0025,0.0017,0.0011,0.0006,0.0006,0.0004,0.0004,0.0004,0.0006,0.0006,0.0007,0.0018,0.0024,0.0019,0,0
Beagle2003Leg1,Beagle,CSIRO,2003-09-02T01:56:00Z,2003,09,02,01,56,00,-144.8312,-32.5058,0,Beagle2003Leg1_2003-09-02T01:56:00Z,ap,m-1,NA,NA,NA,NA,NA,0.0026,0.0017,0.0012,0.0007,0.0007,0.0006,0.0006,0.0005,0.0007,0.0007,0.0006,0.0015,0.0019,0.0014,0,0
Beagle2003Leg2,Beagle,CSIRO,2003-09-12T22:08:00Z,2003,09,12,22,08,00,-149.499,-32.52,0,Beagle2003Leg2_2003-09-12T22:08:00Z,ap,m-1,NA,NA,NA,NA,NA,0.0028,0.0017,0.001,0.0007,0.0005,0.0005,0.0004,0.0004,0.0006,0.0007,0.0007,0.0018,0.0024,0.0018,0,0
Beagle2003Leg2,Beagle,CSIRO,2003-09-13T17:00:00Z,2003,09,13,17,00,00,-143.993,-32.509,0,Beagle2003Leg2_2003-09-13T17:00:00Z,ap,m-1,NA,NA,NA,NA,NA,0.0023,0.0016,0.0013,0.0013,0.0013,0.0014,0.0015,0.0015,0.0017,0.0019,0.0019,0.0022,0.0025,0.0022,0.0011,0
Beagle2003Leg2,Beagle,CSIRO,2003-09-14T00:25:00Z,2003,09,14,00,25,00,-143.154,-32.511,0,Beagle2003Leg2_2003-09-14T00:25:00Z,ap,m-1,NA,NA,NA,NA,NA,0.0022,0.0016,0.0013,0.001,0.0009,0.0009,0.0009,0.0009,0.0011,0.001,0.001,0.0013,0.0018,0.0014,0.0003,0
Beagle2003Leg2,Beagle,CSIRO,2003-09-15T01:30:00Z,2003,09,15,01,30,00,-139.983,-32.507,0,Beagle2003Leg2_2003-09-15T01:30:00Z,ap,m-1,NA,NA,NA,NA,NA,0.0021,0.0014,0.0009,0.0006,0.0005,0.0005,0.0005,0.0004,0.0005,0.0007,0.0006,0.0015,0.0018,0.0015,0.0001,0
Beagle2003Leg2,Beagle,CSIRO,2003-09-16T17:28:00Z,2003,09,16,17,28,00,-135.332,-32.488,0,Beagle2003Leg2_2003-09-16T17:28:00Z,ap,m-1,NA,NA,NA,NA,NA,0.002,0.0014,0.001,0.0009,0.0009,0.001,0.001,0.001,0.0013,0.0014,0.0014,0.0018,0.0022,0.0018,0.0008,0
Beagle2003Leg2,Beagle,CSIRO,2003-09-17T18:55:00Z,2003,09,17,18,55,00,-132.664,-32.499,0,Beagle2003Leg2_2003-09-17T18:55:00Z,ap,m-1,NA,NA,NA,NA,NA,0.0023,0.0018,0.0013,0.001,0.001,0.0009,0.0009,0.0009,0.0009,0.0008,0.0008,0.0012,0.0016,0.0013,0.0003,0
Beagle2003Leg2,Beagle,CSIRO,2003-09-18T00:46:00Z,2003,09,18,00,46,00,-132.008,-32.497,0,Beagle2003Leg2_2003-09-18T00:46:00Z,ap,m-1,NA,NA,NA,NA,NA,0.0022,0.0014,0.0011,0.0007,0.0007,0.0007,0.0007,0.0007,0.0007,0.0008,0.0008,0.0012,0.0017,0.0013,0.0002,0
Beagle2003Leg2,Beagle,CSIRO,2003-09-18T17:58:00Z,2003,09,18,17,58,00,-129.998,-32.499,0,Beagle2003Leg2_2003-09-18T17:58:00Z,ap,m-1,NA,NA,NA,NA,NA,0.0033,0.0023,0.0017,0.0011,0.001,0.0009,0.0009,0.0009,0.001,0.0011,0.0011,0.0023,0.0029,0.0021,0.0001,0
Beagle2003Leg2,Beagle,CSIRO,2003-09-18T23:24:00Z,2003,09,18,23,24,00,-129.329,-32.498,0,Beagle2003Leg2_2003-09-18T23:24:00Z,ap,m-1,NA,NA,NA,NA,NA,0.0014,0.001,0.0006,0.0005,0.0005,0.0005,0.0005,0.0005,0.0005,0.0006,0.0006,0.0009,0.0012,0.001,0.0002,0
Beagle2003Leg2,Beagle,CSIRO,2003-09-19T17:27:00Z,2003,09,19,17,27,00,-127.322,-32.487,0,Beagle2003Leg2_2003-09-19T17:27:00Z,ap,m-1,NA,NA,NA,NA,NA,0.0027,0.002,0.0014,0.0009,0.0008,0.0008,0.0008,0.0008,0.001,0.0011,0.0011,0.0021,0.0027,0.0019,0.0002,0
Beagle2003Leg2,Beagle,CSIRO,2003-09-21T12:45:00Z,2003,09,21,12,45,00,-123.999,-32.498,0,Beagle2003Leg2_2003-09-21T12:45:00Z,ap,m-1,NA,NA,NA,NA,NA,0.002,0.0014,0.001,0.0006,0.0005,0.0005,0.0005,0.0004,0.0006,0.0005,0.0005,0.0014,0.0019,0.0013,0,0
Beagle2003Leg2,Beagle,CSIRO,2003-09-22T14:18:00Z,2003,09,22,14,18,00,-120.668,-32.498,0,Beagle2003Leg2_2003-09-22T14:18:00Z,ap,m-1,NA,NA,NA,NA,NA,0.0027,0.002,0.0014,0.0008,0.0007,0.0006,0.0005,0.0006,0.0007,0.0008,0.0008,0.0019,0.0025,0.0019,0,0
Beagle2003Leg2,Beagle,CSIRO,2003-09-23T18:46:00Z,2003,09,23,18,46,00,-117.316,-32.474,0,Beagle2003Leg2_2003-09-23T18:46:00Z,ap,m-1,NA,NA,NA,NA,NA,0.0029,0.002,0.0013,0.0009,0.0008,0.0007,0.0007,0.0007,0.0007,0.0008,0.0009,0.0019,0.0025,0.0018,0,0
Beagle2003Leg2,Beagle,CSIRO,2003-09-24T00:38:00Z,2003,09,24,00,38,00,-116.651,-32.479,0,Beagle2003Leg2_2003-09-24T00:38:00Z,ap,m-1,NA,NA,NA,NA,NA,0.004,0.0028,0.002,0.0012,0.0011,0.001,0.0009,0.0009,0.001,0.0011,0.0011,0.0024,0.0033,0.0025,0.0001,0
Beagle2003Leg2,Beagle,CSIRO,2003-09-24T15:47:00Z,2003,09,24,15,47,00,-114.659,-32.493,0,Beagle2003Leg2_2003-09-24T15:47:00Z,ap,m-1,NA,NA,NA,NA,NA,0.0039,0.0027,0.0019,0.0012,0.0011,0.001,0.001,0.001,0.0011,0.0012,0.0012,0.0025,0.0034,0.0027,0.0003,0
Beagle2003Leg2,Beagle,CSIRO,2003-09-24T20:36:00Z,2003,09,24,20,36,00,-113.985,-32.495,0,Beagle2003Leg2_2003-09-24T20:36:00Z,ap,m-1,NA,NA,NA,NA,NA,0.0034,0.0024,0.0016,0.001,0.0009,0.0008,0.0008,0.0008,0.001,0.0011,0.0011,0.0023,0.0032,0.0023,0.0002,0
Beagle2003Leg2,Beagle,CSIRO,2003-09-25T16:28:00Z,2003,09,25,16,28,00,-111.332,-32.495,0,Beagle2003Leg2_2003-09-25T16:28:00Z,ap,m-1,NA,NA,NA,NA,NA,0.002,0.0012,0.0007,0.0003,0.0003,0.0002,0.0001,0.0001,0.0003,0.0003,0.0003,0.0011,0.0017,0.0012,0,0
Beagle2003Leg2,Beagle,CSIRO,2003-09-25T21:06:00Z,2003,09,25,21,06,00,-110.679,-32.482,0,Beagle2003Leg2_2003-09-25T21:06:00Z,ap,m-1,NA,NA,NA,NA,NA,0.0019,0.0013,0.0009,0.0006,0.0005,0.0005,0.0005,0.0004,0.0005,0.0005,0.0005,0.0011,0.0016,0.0012,0.0001,0
Beagle2003Leg2,Beagle,CSIRO,2003-09-26T18:19:00Z,2003,09,26,18,19,00,-108.455,-32.505,0,Beagle2003Leg2_2003-09-26T18:19:00Z,ap,m-1,NA,NA,NA,NA,NA,0.0052,0.0036,0.0027,0.0017,0.0016,0.0014,0.0014,0.0014,0.0017,0.0017,0.0017,0.0035,0.0045,0.0036,0.0003,0
Beagle2003Leg2,Beagle,CSIRO,2003-09-26T23:27:00Z,2003,09,26,23,27,00,-108.008,-32.505,0,Beagle2003Leg2_2003-09-26T23:27:00Z,ap,m-1,NA,NA,NA,NA,NA,0.0043,0.003,0.0022,0.0011,0.0011,0.001,0.0009,0.001,0.0011,0.0011,0.0012,0.0024,0.0031,0.0025,0.0002,0
Beagle2003Leg2,Beagle,CSIRO,2003-09-27T14:49:00Z,2003,09,27,14,49,00,-106.031,-32.493,0,Beagle2003Leg2_2003-09-27T14:49:00Z,ap,m-1,NA,NA,NA,NA,NA,0.0027,0.0017,0.0012,0.0007,0.0006,0.0006,0.0006,0.0005,0.0007,0.0007,0.0007,0.0018,0.0024,0.0019,0.0001,0
Beagle2003Leg2,Beagle,CSIRO,2003-09-28T13:26:00Z,2003,09,28,13,26,00,-103.011,-32.507,0,Beagle2003Leg2_2003-09-28T13:26:00Z,ap,m-1,NA,NA,NA,NA,NA,0.0044,0.0029,0.0019,0.0011,0.001,0.0009,0.0008,0.0008,0.001,0.0011,0.0012,0.0027,0.0036,0.0029,0.0001,0
Beagle2003Leg2,Beagle,CSIRO,2003-09-30T11:57:00Z,2003,09,30,11,57,00,-100.662,-32.492,0,Beagle2003Leg2_2003-09-30T11:57:00Z,ap,m-1,NA,NA,NA,NA,NA,0.004,0.0026,0.0019,0.0008,0.0007,0.0006,0.0005,0.0006,0.0008,0.0008,0.0009,0.0025,0.0034,0.0026,0.0001,0
Beagle2003Leg2,Beagle,CSIRO,2003-10-01T16:01:00Z,2003,10,01,16,01,00,-97.336,-32.499,0,Beagle2003Leg2_2003-10-01T16:01:00Z,ap,m-1,NA,NA,NA,NA,NA,0.0046,0.0033,0.0024,0.0016,0.0014,0.0013,0.0012,0.0011,0.0013,0.0014,0.0014,0.003,0.0038,0.003,0,0
Beagle2003Leg2,Beagle,CSIRO,2003-10-01T21:27:00Z,2003,10,01,21,27,00,-96.664,-32.513,0,Beagle2003Leg2_2003-10-01T21:27:00Z,ap,m-1,NA,NA,NA,NA,NA,0.004,0.0028,0.002,0.0013,0.0013,0.0012,0.0011,0.0011,0.0014,0.0014,0.0013,0.0027,0.0034,0.0026,0.0002,0
Beagle2003Leg2,Beagle,CSIRO,2003-10-02T11:35:00Z,2003,10,02,11,35,00,-94.653,-32.5,0,Beagle2003Leg2_2003-10-02T11:35:00Z,ap,m-1,NA,NA,NA,NA,NA,0.0036,0.0025,0.0017,0.0009,0.0009,0.0008,0.0007,0.0007,0.0008,0.001,0.0009,0.0023,0.0031,0.0024,0.0001,0
Beagle2003Leg2,Beagle,CSIRO,2003-10-02T16:48:00Z,2003,10,02,16,48,00,-93.987,-32.514,0,Beagle2003Leg2_2003-10-02T16:48:00Z,ap,m-1,NA,NA,NA,NA,NA,0.0027,0.0019,0.0013,0.0008,0.0007,0.0007,0.0006,0.0007,0.0008,0.0008,0.0008,0.0017,0.0022,0.0018,0.0002,0
Beagle2003Leg2,Beagle,CSIRO,2003-10-03T14:58:00Z,2003,10,03,14,58,00,-91.323,-32.511,0,Beagle2003Leg2_2003-10-03T14:58:00Z,ap,m-1,NA,NA,NA,NA,NA,0.0041,0.0029,0.002,0.0014,0.0013,0.0012,0.0012,0.0011,0.0013,0.0013,0.0013,0.0025,0.0032,0.0027,0.0003,0
Beagle2003Leg2,Beagle,CSIRO,2003-10-03T20:26:00Z,2003,10,03,20,26,00,-90.67,-32.51,0,Beagle2003Leg2_2003-10-03T20:26:00Z,ap,m-1,NA,NA,NA,NA,NA,0.0047,0.0033,0.0023,0.0013,0.0012,0.0011,0.001,0.001,0.0012,0.0012,0.0012,0.0025,0.0032,0.0027,0.0001,0
Beagle2003Leg2,Beagle,CSIRO,2003-10-04T11:39:00Z,2003,10,04,11,39,00,-88.673,-32.508,0,Beagle2003Leg2_2003-10-04T11:39:00Z,ap,m-1,NA,NA,NA,NA,NA,0.0044,0.0029,0.0021,0.0012,0.001,0.0008,0.0008,0.0008,0.0009,0.0011,0.0011,0.0028,0.0037,0.003,0.0002,0
Beagle2003Leg2,Beagle,CSIRO,2003-10-04T17:04:00Z,2003,10,04,17,04,00,-88.005,-32.5,0,Beagle2003Leg2_2003-10-04T17:04:00Z,ap,m-1,NA,NA,NA,NA,NA,0.0047,0.0032,0.0021,0.001,0.0009,0.0008,0.0007,0.0007,0.001,0.001,0.001,0.0027,0.0035,0.0029,-0.0001,0
Beagle2003Leg2,Beagle,CSIRO,2003-10-05T15:31:00Z,2003,10,05,15,31,00,-85.337,-32.499,0,Beagle2003Leg2_2003-10-05T15:31:00Z,ap,m-1,NA,NA,NA,NA,NA,0.0041,0.0028,0.002,0.0012,0.001,0.0009,0.0009,0.0009,0.001,0.001,0.0011,0.0022,0.003,0.0025,0.0002,0
Beagle2003Leg2,Beagle,CSIRO,2003-10-05T21:28:00Z,2003,10,05,21,28,00,-84.673,-32.498,0,Beagle2003Leg2_2003-10-05T21:28:00Z,ap,m-1,NA,NA,NA,NA,NA,0.0034,0.0023,0.0016,0.0009,0.0007,0.0006,0.0006,0.0005,0.0007,0.0008,0.0008,0.0019,0.0026,0.0021,0,0
Beagle2003Leg2,Beagle,CSIRO,2003-10-06T12:17:00Z,2003,10,06,12,17,00,-82.674,-32.516,0,Beagle2003Leg2_2003-10-06T12:17:00Z,ap,m-1,NA,NA,NA,NA,NA,0.0045,0.0031,0.0022,0.001,0.0009,0.0008,0.0007,0.0007,0.0008,0.0008,0.0009,0.0022,0.0028,0.0024,0.0001,0
Beagle2003Leg2,Beagle,CSIRO,2003-10-08T10:00:00Z,2003,10,08,10,00,00,-79.986,-32.514,0,Beagle2003Leg2_2003-10-08T10:00:00Z,ap,m-1,NA,NA,NA,NA,NA,0.0114,0.0088,0.0065,0.0035,0.0032,0.0027,0.0024,0.0023,0.0026,0.0024,0.0025,0.0055,0.0079,0.0063,0.0002,0
Beagle2003Leg2,Beagle,CSIRO,2003-10-09T13:56:00Z,2003,10,09,13,56,00,-76.648,-32.497,0,Beagle2003Leg2_2003-10-09T13:56:00Z,ap,m-1,NA,NA,NA,NA,NA,0.0065,0.0051,0.0038,0.0022,0.002,0.0017,0.0016,0.0015,0.0015,0.0014,0.0015,0.0032,0.0043,0.0036,0,0
Beagle2003Leg2,Beagle,CSIRO,2003-10-10T11:01:00Z,2003,10,10,11,01,00,-73.984,-32.496,0,Beagle2003Leg2_2003-10-10T11:01:00Z,ap,m-1,NA,NA,NA,NA,NA,0.0143,0.0111,0.0086,0.0052,0.0046,0.0038,0.0035,0.0033,0.0038,0.0037,0.0038,0.0084,0.0115,0.0101,0.0004,0
Beagle2003Leg2,Beagle,CSIRO,2003-10-10T16:28:00Z,2003,10,10,16,28,00,-73.319,-32.508,0,Beagle2003Leg2_2003-10-10T16:28:00Z,ap,m-1,NA,NA,NA,NA,NA,0.0275,0.0212,0.0162,0.0087,0.0078,0.0064,0.0056,0.0056,0.0067,0.0063,0.0068,0.0151,0.0209,0.0193,0.001,0
Beagle2003Leg2,Beagle,CSIRO,2003-10-11T15:04:00Z,2003,10,11,15,04,00,-72.327,-32.48,0,Beagle2003Leg2_2003-10-11T15:04:00Z,ap,m-1,NA,NA,NA,NA,NA,0.0149,0.0117,0.009,0.0054,0.0048,0.0042,0.0037,0.0036,0.0042,0.0043,0.0043,0.0095,0.0131,0.0117,0.0005,0
Beagle2003Leg2,Beagle,CSIRO,2003-10-11T20:14:00Z,2003,10,11,20,14,00,-72.17,-32.497,0,Beagle2003Leg2_2003-10-11T20:14:00Z,ap,m-1,NA,NA,NA,NA,NA,0.0381,0.0313,0.0259,0.0164,0.0147,0.0123,0.0107,0.01,0.0111,0.0114,0.0121,0.0272,0.0358,0.032,0.0019,0
Beagle2003Leg3,Beagle,CSIRO,2003-10-20T16:30:00Z,2003,10,20,16,30,00,-73.68,-36.22,0,Beagle2003Leg3_2003-10-20T16:30:00Z,ap,m-1,NA,NA,NA,NA,NA,0.0302,0.0236,0.0191,0.0136,0.0119,0.0099,0.0084,0.0076,0.0075,0.0082,0.0089,0.021,0.0278,0.0272,0.0009,0
Beagle2003Leg3,Beagle,CSIRO,2003-10-21T14:05:00Z,2003,10,21,14,05,00,-74.418,-39.999,0,Beagle2003Leg3_2003-10-21T14:05:00Z,ap,m-1,NA,NA,NA,NA,NA,0.009,0.0074,0.006,0.0041,0.0037,0.003,0.0025,0.0022,0.0019,0.002,0.0021,0.0047,0.0063,0.006,0.0004,0
Beagle2003Leg3,Beagle,CSIRO,2003-10-22T10:03:00Z,2003,10,22,10,03,00,-75.191,-43.74,0,Beagle2003Leg3_2003-10-22T10:03:00Z,ap,m-1,NA,NA,NA,NA,NA,0.0203,0.017,0.0144,0.0105,0.0095,0.0081,0.0072,0.0068,0.007,0.0077,0.0081,0.0178,0.0227,0.0213,0.0019,0
Beagle2003Leg3,Beagle,CSIRO,2003-10-22T15:04:00Z,2003,10,22,15,04,00,-75.519,-44.996,0,Beagle2003Leg3_2003-10-22T15:04:00Z,ap,m-1,NA,NA,NA,NA,NA,0.0201,0.0162,0.0128,0.0078,0.0068,0.0057,0.0052,0.0049,0.0059,0.0058,0.0063,0.0146,0.0197,0.0183,0.001,0
Beagle2003Leg3,Beagle,CSIRO,2003-10-23T10:04:00Z,2003,10,23,10,04,00,-74.423,-48.569,0,Beagle2003Leg3_2003-10-23T10:04:00Z,ap,m-1,NA,NA,NA,NA,NA,0.0271,0.0242,0.0213,0.0162,0.015,0.0132,0.012,0.0114,0.0114,0.0125,0.0132,0.0257,0.0321,0.0295,0.0025,0
Beagle2003Leg3,Beagle,CSIRO,2003-10-23T15:13:00Z,2003,10,23,15,13,00,-74.473,-49.522,0,Beagle2003Leg3_2003-10-23T15:13:00Z,ap,m-1,NA,NA,NA,NA,NA,0.0418,0.0361,0.0315,0.023,0.0209,0.0181,0.0167,0.0154,0.0162,0.0173,0.0187,0.0391,0.0504,0.0447,0.0027,0
Beagle2003Leg3,Beagle,CSIRO,2003-10-24T13:08:00Z,2003,10,24,13,08,00,-74.082,-52.867,0,Beagle2003Leg3_2003-10-24T13:08:00Z,ap,m-1,NA,NA,NA,NA,NA,0.0101,0.009,0.0078,0.0057,0.0052,0.0044,0.004,0.0037,0.0037,0.004,0.0042,0.0085,0.0109,0.0102,0.0012,0
Beagle2003Leg3,Beagle,CSIRO,2003-10-25T08:05:00Z,2003,10,25,08,05,00,-70.619,-53.504,0,Beagle2003Leg3_2003-10-25T08:05:00Z,ap,m-1,NA,NA,NA,NA,NA,0.055,0.0482,0.043,0.0329,0.03,0.0261,0.0242,0.0233,0.0259,0.0303,0.0332,0.0701,0.0886,0.0812,0.0045,0
Beagle2003Leg3,Beagle,CSIRO,2003-10-25T11:00:00Z,2003,10,25,11,00,00,-70.675,-53.571,0,Beagle2003Leg3_2003-10-25T11:00:00Z,ap,m-1,NA,NA,NA,NA,NA,0.0457,0.04,0.036,0.0277,0.0249,0.0222,0.0208,0.0202,0.022,0.0249,0.0271,0.0556,0.0693,0.0624,0.0036,0
Beagle2003Leg3,Beagle,CSIRO,2003-10-25T19:01:00Z,2003,10,25,19,01,00,-70.43,-52.745,0,Beagle2003Leg3_2003-10-25T19:01:00Z,ap,m-1,NA,NA,NA,NA,NA,0.0407,0.0361,0.0323,0.025,0.0227,0.0201,0.0184,0.0177,0.0191,0.0227,0.0245,0.0504,0.0625,0.058,0.0055,0
Beagle2003Leg3,Beagle,CSIRO,2003-10-25T23:31:00Z,2003,10,25,23,31,00,-69.034,-52.38,0,Beagle2003Leg3_2003-10-25T23:31:00Z,ap,m-1,NA,NA,NA,NA,NA,0.0221,0.0221,0.0191,0.0187,0.0181,0.017,0.0174,0.0173,0.0205,0.0224,0.0227,0.0284,0.031,0.0287,0.0085,0
Beagle2003Leg4,Beagle,CSIRO,2003-11-07T12:57:00Z,2003,11,07,12,57,00,-47.205,-27.768,0,Beagle2003Leg4_2003-11-07T12:57:00Z,ap,m-1,NA,NA,NA,NA,NA,0.0043,0.0031,0.0023,0.0016,0.0015,0.0013,0.0013,0.0012,0.0013,0.0014,0.0014,0.0026,0.0035,0.0033,0.0002,0
Beagle2003Leg4,Beagle,CSIRO,2003-11-07T20:07:00Z,2003,11,07,20,07,00,-46.666,-27.906,0,Beagle2003Leg4_2003-11-07T20:07:00Z,ap,m-1,NA,NA,NA,NA,NA,0.0048,0.0034,0.0025,0.0018,0.0016,0.0015,0.0015,0.0014,0.0015,0.0015,0.0016,0.0031,0.004,0.0036,0.0003,0
Beagle2003Leg4,Beagle,CSIRO,2003-11-08T12:52:00Z,2003,11,08,12,52,00,-45.68,-28.159,0,Beagle2003Leg4_2003-11-08T12:52:00Z,ap,m-1,NA,NA,NA,NA,NA,0.0042,0.0028,0.0021,0.0013,0.0012,0.0011,0.001,0.0011,0.0013,0.0014,0.0015,0.0032,0.0041,0.0037,0.0003,0
Beagle2003Leg4,Beagle,CSIRO,2003-11-09T09:44:00Z,2003,11,09,09,44,00,-43.457,-28.875,0,Beagle2003Leg4_2003-11-09T09:44:00Z,ap,m-1,NA,NA,NA,NA,NA,0.0025,0.0017,0.0011,0.0007,0.0006,0.0006,0.0005,0.0005,0.0006,0.0005,0.0006,0.0015,0.002,0.0018,0.0001,0
Beagle2003Leg4,Beagle,CSIRO,2003-11-10T08:47:00Z,2003,11,10,08,47,00,-41.091,-29.625,0,Beagle2003Leg4_2003-11-10T08:47:00Z,ap,m-1,NA,NA,NA,NA,NA,0.0027,0.0018,0.0013,0.0008,0.0007,0.0006,0.0006,0.0005,0.0006,0.0007,0.0007,0.0016,0.0021,0.002,0,0
Beagle2003Leg4,Beagle,CSIRO,2003-11-12T08:46:00Z,2003,11,12,08,46,00,-36.843,-30.005,0,Beagle2003Leg4_2003-11-12T08:46:00Z,ap,m-1,NA,NA,NA,NA,NA,0.0017,0.0011,0.0008,0.0005,0.0004,0.0004,0.0004,0.0004,0.0003,0.0004,0.0004,0.001,0.0012,0.0012,0,0
Beagle2003Leg4,Beagle,CSIRO,2003-11-12T12:09:00Z,2003,11,12,12,09,00,-36.163,-29.992,0,Beagle2003Leg4_2003-11-12T12:09:00Z,ap,m-1,NA,NA,NA,NA,NA,0.0019,0.0013,0.0009,0.0006,0.0005,0.0005,0.0005,0.0005,0.0005,0.0005,0.0005,0.0011,0.0014,0.0013,0.0001,0
Beagle2003Leg4,Beagle,CSIRO,2003-11-13T10:14:00Z,2003,11,13,10,14,00,-33.985,-29.995,0,Beagle2003Leg4_2003-11-13T10:14:00Z,ap,m-1,NA,NA,NA,NA,NA,0.0026,0.0016,0.0011,0.0006,0.0005,0.0005,0.0004,0.0004,0.0005,0.0005,0.0005,0.0014,0.0018,0.0018,0,0
Beagle2003Leg4,Beagle,CSIRO,2003-11-13T13:44:00Z,2003,11,13,13,44,00,-33.501,-29.998,0,Beagle2003Leg4_2003-11-13T13:44:00Z,ap,m-1,NA,NA,NA,NA,NA,0.0023,0.0015,0.001,0.0006,0.0005,0.0004,0.0003,0.0004,0.0005,0.0005,0.0005,0.0012,0.0017,0.0016,0,0
Beagle2003Leg4,Beagle,CSIRO,2003-11-14T14:53:00Z,2003,11,14,14,53,00,-30.992,-30.021,0,Beagle2003Leg4_2003-11-14T14:53:00Z,ap,m-1,NA,NA,NA,NA,NA,0.0028,0.0018,0.0012,0.0007,0.0007,0.0006,0.0005,0.0005,0.0007,0.0007,0.0006,0.0016,0.0021,0.002,0.0001,0
Beagle2003Leg4,Beagle,CSIRO,2003-11-16T16:58:00Z,2003,11,16,16,58,00,-28.349,-29.973,0,Beagle2003Leg4_2003-11-16T16:58:00Z,ap,m-1,NA,NA,NA,NA,NA,0.0022,0.0015,0.001,0.0006,0.0005,0.0005,0.0005,0.0004,0.0005,0.0005,0.0006,0.0011,0.0014,0.0013,0.0001,0
Beagle2003Leg4,Beagle,CSIRO,2003-11-17T18:00:00Z,2003,11,17,18,00,00,-25.047,-30.216,0,Beagle2003Leg4_2003-11-17T18:00:00Z,ap,m-1,NA,NA,NA,NA,NA,0.002,0.0013,0.001,0.0006,0.0006,0.0006,0.0005,0.0006,0.0006,0.0007,0.0007,0.0013,0.0015,0.0014,0.0002,0
Beagle2003Leg4,Beagle,CSIRO,2003-11-18T06:12:00Z,2003,11,18,06,12,00,-23.312,-30.005,0,Beagle2003Leg4_2003-11-18T06:12:00Z,ap,m-1,NA,NA,NA,NA,NA,0.0019,0.0013,0.001,0.0006,0.0005,0.0005,0.0005,0.0004,0.0004,0.0005,0.0005,0.001,0.0013,0.0012,0.0003,0
Beagle2003Leg4,Beagle,CSIRO,2003-11-18T12:36:00Z,2003,11,18,12,36,00,-22.496,-30.001,0,Beagle2003Leg4_2003-11-18T12:36:00Z,ap,m-1,NA,NA,NA,NA,NA,0.0016,0.0011,0.0008,0.0005,0.0004,0.0003,0.0003,0.0003,0.0004,0.0004,0.0004,0.0008,0.001,0.0009,0,0
Beagle2003Leg4,Beagle,CSIRO,2003-11-19T08:40:00Z,2003,11,19,08,40,00,-19.865,-29.998,0,Beagle2003Leg4_2003-11-19T08:40:00Z,ap,m-1,NA,NA,NA,NA,NA,0.0014,0.0009,0.0006,0.0003,0.0003,0.0002,0.0002,0.0002,0.0003,0.0003,0.0003,0.0007,0.0009,0.0009,-0.0001,0
Beagle2003Leg4,Beagle,CSIRO,2003-11-19T15:12:00Z,2003,11,19,15,12,00,-18.946,-30.097,0,Beagle2003Leg4_2003-11-19T15:12:00Z,ap,m-1,NA,NA,NA,NA,NA,0.0011,0.0008,0.0007,0.0004,0.0004,0.0003,0.0004,0.0004,0.0004,0.0004,0.0004,0.0006,0.0007,0.0007,0.0001,0
Beagle2003Leg4,Beagle,CSIRO,2003-11-20T13:57:00Z,2003,11,20,13,57,00,-16.28,-30.003,0,Beagle2003Leg4_2003-11-20T13:57:00Z,ap,m-1,NA,NA,NA,NA,NA,0.0011,0.0007,0.0005,0.0003,0.0003,0.0003,0.0003,0.0003,0.0003,0.0003,0.0003,0.0005,0.0008,0.0007,0.0001,0
Beagle2003Leg4,Beagle,CSIRO,2003-11-21T15:17:00Z,2003,11,21,15,17,00,-12.986,-29.987,0,Beagle2003Leg4_2003-11-21T15:17:00Z,ap,m-1,NA,NA,NA,NA,NA,0.0013,0.001,0.0006,0.0005,0.0003,0.0004,0.0004,0.0003,0.0004,0.0003,0.0004,0.0007,0.0009,0.0008,0,0
Beagle2003Leg4,Beagle,CSIRO,2003-11-22T14:00:00Z,2003,11,22,14,00,00,-10.333,-29.995,0,Beagle2003Leg4_2003-11-22T14:00:00Z,ap,m-1,NA,NA,NA,NA,NA,0.0012,0.0008,0.0007,0.0004,0.0004,0.0004,0.0004,0.0004,0.0004,0.0005,0.0004,0.0006,0.0008,0.0008,0.0001,0
Beagle2003Leg4,Beagle,CSIRO,2003-11-23T05:49:00Z,2003,11,23,05,49,00,-8.155,-29.995,0,Beagle2003Leg4_2003-11-23T05:49:00Z,ap,m-1,NA,NA,NA,NA,NA,0.0014,0.0009,0.0006,0.0004,0.0003,0.0002,0.0003,0.0003,0.0003,0.0004,0.0003,0.0007,0.0009,0.0009,0,0
Beagle2003Leg4,Beagle,CSIRO,2003-11-23T12:03:00Z,2003,11,23,12,03,00,-7.334,-29.999,0,Beagle2003Leg4_2003-11-23T12:03:00Z,ap,m-1,NA,NA,NA,NA,NA,0.0014,0.001,0.0006,0.0004,0.0004,0.0004,0.0003,0.0004,0.0004,0.0003,0.0003,0.0007,0.0009,0.0008,0,0
Beagle2003Leg4,Beagle,CSIRO,2003-11-24T07:14:00Z,2003,11,24,07,14,00,-4.804,-29.997,0,Beagle2003Leg4_2003-11-24T07:14:00Z,ap,m-1,NA,NA,NA,NA,NA,0.0017,0.0012,0.0009,0.0006,0.0005,0.0004,0.0004,0.0004,0.0004,0.0005,0.0004,0.001,0.0012,0.0012,0.0001,0
Beagle2003Leg4,Beagle,CSIRO,2003-11-25T10:53:00Z,2003,11,25,10,53,00,-3.973,-29.995,0,Beagle2003Leg4_2003-11-25T10:53:00Z,ap,m-1,NA,NA,NA,NA,NA,0.0016,0.0012,0.0009,0.0006,0.0005,0.0005,0.0005,0.0005,0.0005,0.0005,0.0005,0.0009,0.0011,0.0011,0.0002,0
Beagle2003Leg4,Beagle,CSIRO,2003-11-26T13:57:00Z,2003,11,26,13,57,00,-0.729,-29.997,0,Beagle2003Leg4_2003-11-26T13:57:00Z,ap,m-1,NA,NA,NA,NA,NA,0.0037,0.0026,0.0019,0.001,0.0008,0.0007,0.0007,0.0007,0.0008,0.0009,0.0009,0.0022,0.003,0.0026,0.0003,0
Beagle2003Leg4,Beagle,CSIRO,2003-11-27T09:00:00Z,2003,11,27,09,00,00,1.709,-29.599,0,Beagle2003Leg4_2003-11-27T09:00:00Z,ap,m-1,NA,NA,NA,NA,NA,0.0022,0.0014,0.001,0.0006,0.0005,0.0004,0.0004,0.0004,0.0005,0.0005,0.0004,0.001,0.0012,0.0011,0.0001,0
Beagle2003Leg4,Beagle,CSIRO,2003-11-28T08:05:00Z,2003,11,28,08,05,00,3.786,-29.601,0,Beagle2003Leg4_2003-11-28T08:05:00Z,ap,m-1,NA,NA,NA,NA,NA,0.0026,0.0019,0.0015,0.0009,0.0009,0.0008,0.0008,0.0007,0.0008,0.0009,0.0009,0.0013,0.0018,0.0016,0.0002,0
Beagle2003Leg4,Beagle,CSIRO,2003-11-29T14:55:00Z,2003,11,29,14,55,00,7.637,-29.729,0,Beagle2003Leg4_2003-11-29T14:55:00Z,ap,m-1,NA,NA,NA,NA,NA,0.0042,0.0031,0.0022,0.0018,0.0018,0.0018,0.002,0.002,0.0024,0.0025,0.0026,0.0035,0.0042,0.0037,0.0015,0
Beagle2003Leg4,Beagle,CSIRO,2003-11-30T09:12:00Z,2003,11,30,09,12,00,9.967,-29.747,0,Beagle2003Leg4_2003-11-30T09:12:00Z,ap,m-1,NA,NA,NA,NA,NA,0.0033,0.0023,0.0017,0.001,0.001,0.0008,0.0007,0.0007,0.0008,0.0008,0.0008,0.0018,0.0022,0.002,0.0002,0
Beagle2003Leg4,Beagle,CSIRO,2003-11-30T17:59:00Z,2003,11,30,17,59,00,10.982,-29.747,0,Beagle2003Leg4_2003-11-30T17:59:00Z,ap,m-1,NA,NA,NA,NA,NA,0.0044,0.0031,0.0023,0.0017,0.0016,0.0016,0.0016,0.0016,0.0017,0.0017,0.0017,0.0029,0.0037,0.0032,0.0007,0
Beagle2003Leg4,Beagle,CSIRO,2003-12-01T09:43:00Z,2003,12,01,09,43,00,12.168,-29.62,0,Beagle2003Leg4_2003-12-01T09:43:00Z,ap,m-1,NA,NA,NA,NA,NA,0.0054,0.0039,0.0029,0.0016,0.0015,0.0012,0.0012,0.0011,0.0013,0.0014,0.0014,0.003,0.0041,0.0036,0.0002,0
Beagle2003Leg5,Beagle,CSIRO,2003-12-11T06:58:00Z,2003,12,11,06,58,00,28.238,-34.575,0,Beagle2003Leg5_2003-12-11T06:58:00Z,ap,m-1,NA,NA,NA,NA,NA,0.0051,0.0033,0.0021,0.0009,0.0006,0.0005,0.0004,0.0003,0.0005,0.0008,0.0009,0.0027,0.0035,0.0033,0.0001,0
Beagle2003Leg5,Beagle,CSIRO,2003-12-14T03:21:00Z,2003,12,14,03,21,00,36.745,-24.672,0,Beagle2003Leg5_2003-12-14T03:21:00Z,ap,m-1,NA,NA,NA,NA,NA,0.0032,0.0021,0.0013,0.0008,0.0007,0.0007,0.0006,0.0006,0.0006,0.0006,0.0006,0.0015,0.0019,0.0018,0,0
Beagle2003Leg5,Beagle,CSIRO,2003-12-15T06:18:00Z,2003,12,15,06,18,00,39.502,-24.667,0,Beagle2003Leg5_2003-12-15T06:18:00Z,ap,m-1,NA,NA,NA,NA,NA,0.0034,0.0023,0.0016,0.0012,0.0011,0.0011,0.001,0.0009,0.0009,0.0009,0.0009,0.0014,0.0017,0.0013,0.0001,0
Beagle2003Leg5,Beagle,CSIRO,2003-12-16T01:24:00Z,2003,12,16,01,24,00,41.493,-24.66,0,Beagle2003Leg5_2003-12-16T01:24:00Z,ap,m-1,NA,NA,NA,NA,NA,0.0032,0.0021,0.0015,0.001,0.0008,0.0007,0.0007,0.0006,0.0007,0.0007,0.0007,0.0016,0.002,0.0019,0.0001,0
Beagle2003Leg5,Beagle,CSIRO,2003-12-16T06:19:00Z,2003,12,16,06,19,00,41.998,-24.664,0,Beagle2003Leg5_2003-12-16T06:19:00Z,ap,m-1,NA,NA,NA,NA,NA,0.0035,0.0024,0.0018,0.0012,0.0011,0.001,0.0009,0.001,0.001,0.001,0.0011,0.0017,0.0021,0.0019,0.0002,0
Beagle2003Leg5,Beagle,CSIRO,2003-12-17T08:00:00Z,2003,12,17,08,00,00,43.804,-24.668,0,Beagle2003Leg5_2003-12-17T08:00:00Z,ap,m-1,NA,NA,NA,NA,NA,0.0077,0.0053,0.0038,0.0024,0.0021,0.0019,0.0019,0.0019,0.0021,0.0021,0.0022,0.0045,0.0056,0.005,0.0003,0
Beagle2003Leg5,Beagle,CSIRO,2003-12-19T06:46:00Z,2003,12,19,06,46,00,48.916,-20.014,0,Beagle2003Leg5_2003-12-19T06:46:00Z,ap,m-1,NA,NA,NA,NA,NA,0.0061,0.0041,0.0029,0.0017,0.0014,0.0011,0.001,0.001,0.0011,0.0012,0.0012,0.003,0.0039,0.0037,0,0
Beagle2003Leg5,Beagle,CSIRO,2003-12-21T01:49:00Z,2003,12,21,01,49,00,50.056,-19.995,0,Beagle2003Leg5_2003-12-21T01:49:00Z,ap,m-1,NA,NA,NA,NA,NA,0.0019,0.0013,0.0009,0.0007,0.0006,0.0006,0.0006,0.0005,0.0005,0.0005,0.0005,0.0009,0.0009,0.001,0.0001,0
Beagle2003Leg5,Beagle,CSIRO,2003-12-21T07:11:00Z,2003,12,21,07,11,00,50.599,-20.002,0,Beagle2003Leg5_2003-12-21T07:11:00Z,ap,m-1,NA,NA,NA,NA,NA,0.0017,0.0011,0.0009,0.0007,0.0005,0.0005,0.0005,0.0005,0.0005,0.0005,0.0004,0.0008,0.0009,0.0008,0,0
Beagle2003Leg5,Beagle,CSIRO,2003-12-23T07:39:00Z,2003,12,23,07,39,00,54.506,-19.998,0,Beagle2003Leg5_2003-12-23T07:39:00Z,ap,m-1,NA,NA,NA,NA,NA,0.0028,0.0017,0.0012,0.0007,0.0006,0.0005,0.0005,0.0005,0.0006,0.0005,0.0006,0.0013,0.0016,0.0015,0,0
Beagle2003Leg5,Beagle,CSIRO,2003-12-25T02:34:00Z,2003,12,25,02,34,00,57.032,-19.992,0,Beagle2003Leg5_2003-12-25T02:34:00Z,ap,m-1,NA,NA,NA,NA,NA,0.0017,0.0012,0.0009,0.0007,0.0006,0.0005,0.0006,0.0005,0.0006,0.0004,0.0006,0.001,0.0011,0.001,0.0004,0
Beagle2003Leg5,Beagle,CSIRO,2003-12-28T10:10:00Z,2003,12,28,10,10,00,60.377,-20.361,0,Beagle2003Leg5_2003-12-28T10:10:00Z,ap,m-1,NA,NA,NA,NA,NA,0.0029,0.002,0.0013,0.0008,0.0008,0.0006,0.0007,0.0006,0.0007,0.0006,0.0008,0.0015,0.0019,0.0015,0.0001,0
Beagle2003Leg5,Beagle,CSIRO,2003-12-30T03:00:00Z,2003,12,30,03,00,00,62.236,-20.368,0,Beagle2003Leg5_2003-12-30T03:00:00Z,ap,m-1,NA,NA,NA,NA,NA,0.0017,0.0011,0.0007,0.0006,0.0005,0.0005,0.0004,0.0003,0.0004,0.0004,0.0005,0.0006,0.0008,0.0007,-0.0001,0
Beagle2003Leg5,Beagle,CSIRO,2003-12-31T06:06:00Z,2003,12,31,06,06,00,69.796,-19.987,0,Beagle2003Leg5_2003-12-31T06:06:00Z,ap,m-1,NA,NA,NA,NA,NA,0.0011,0.0007,0.0005,0.0004,0.0003,0.0002,0.0002,0.0002,0.0002,0.0002,0.0002,0.0006,0.0007,0.0006,-0.0001,0
Beagle2003Leg5,Beagle,CSIRO,2004-01-01T23:52:00Z,2004,01,01,23,52,00,70.249,-20.002,0,Beagle2003Leg5_2004-01-01T23:52:00Z,ap,m-1,NA,NA,NA,NA,NA,0.0012,0.001,0.0007,0.0005,0.0005,0.0004,0.0004,0.0004,0.0005,0.0004,0.0004,0.0006,0.0007,0.0006,0.0001,0
Beagle2003Leg5,Beagle,CSIRO,2004-01-03T02:44:00Z,2004,01,03,02,44,00,72.713,-20.001,0,Beagle2003Leg5_2004-01-03T02:44:00Z,ap,m-1,NA,NA,NA,NA,NA,0.0016,0.0011,0.0009,0.0006,0.0006,0.0006,0.0005,0.0005,0.0005,0.0005,0.0005,0.0006,0.0008,0.0006,0.0001,0
Beagle2003Leg5,Beagle,CSIRO,2004-01-04T05:21:00Z,2004,01,04,05,21,00,74.732,-19.997,0,Beagle2003Leg5_2004-01-04T05:21:00Z,ap,m-1,NA,NA,NA,NA,NA,0.0014,0.0009,0.0006,0.0006,0.0003,0.0003,0.0004,0.0004,0.0004,0.0004,0.0005,0.0008,0.0009,0.0009,0.0002,0
Beagle2003Leg5,Beagle,CSIRO,2004-01-05T04:46:00Z,2004,01,05,04,46,00,77.638,-20.003,0,Beagle2003Leg5_2004-01-05T04:46:00Z,ap,m-1,NA,NA,NA,NA,NA,0.0017,0.0012,0.0008,0.0006,0.0006,0.0005,0.0005,0.0005,0.0006,0.0005,0.0006,0.0008,0.001,0.0009,0.0003,0
Beagle2003Leg5,Beagle,CSIRO,2004-01-05T07:30:00Z,2004,01,05,07,30,00,80.536,-19.998,0,Beagle2003Leg5_2004-01-05T07:30:00Z,ap,m-1,NA,NA,NA,NA,NA,0.0017,0.0011,0.0007,0.0006,0.0004,0.0004,0.0003,0.0004,0.0004,0.0004,0.0004,0.0007,0.0008,0.0008,0.0002,0
Beagle2003Leg5,Beagle,CSIRO,2004-01-06T21:56:00Z,2004,01,06,21,56,00,84.67,-19.991,0,Beagle2003Leg5_2004-01-06T21:56:00Z,ap,m-1,NA,NA,NA,NA,NA,0.0022,0.0014,0.001,0.0007,0.0006,0.0004,0.0004,0.0005,0.0004,0.0004,0.0004,0.001,0.0011,0.0011,0,0
Beagle2003Leg5,Beagle,CSIRO,2004-01-07T04:54:00Z,2004,01,07,04,54,00,85.3,-20,0,Beagle2003Leg5_2004-01-07T04:54:00Z,ap,m-1,NA,NA,NA,NA,NA,0.0015,0.0011,0.0009,0.0006,0.0005,0.0005,0.0005,0.0004,0.0004,0.0004,0.0003,0.0005,0.0006,0.0005,0.0001,0
Beagle2003Leg5,Beagle,CSIRO,2004-01-10T02:28:00Z,2004,01,10,02,28,00,89.986,-19.996,0,Beagle2003Leg5_2004-01-10T02:28:00Z,ap,m-1,NA,NA,NA,NA,NA,0.0018,0.0012,0.0008,0.0005,0.0004,0.0004,0.0003,0.0002,0.0003,0.0003,0.0004,0.0008,0.0009,0.0009,0.0001,0
Beagle2003Leg5,Beagle,CSIRO,2004-01-10T07:38:00Z,2004,01,10,07,38,00,90.285,-20,0,Beagle2003Leg5_2004-01-10T07:38:00Z,ap,m-1,NA,NA,NA,NA,NA,0.0014,0.0008,0.0005,0.0003,0.0003,0.0003,0.0003,0.0003,0.0003,0.0002,0.0003,0.0005,0.0005,0.0005,-0.0001,0
Beagle2003Leg5,Beagle,CSIRO,2004-01-18T00:17:00Z,2004,01,18,00,17,00,107.5,-20.002,0,Beagle2003Leg5_2004-01-18T00:17:00Z,ap,m-1,NA,NA,NA,NA,NA,0.0021,0.0013,0.0009,0.0005,0.0004,0.0005,0.0004,0.0004,0.0004,0.0005,0.0005,0.001,0.0013,0.0013,0.0001,0
Beagle2003Leg5,Beagle,CSIRO,2004-01-19T04:09:00Z,2004,01,19,04,09,00,110.15,-21.149,0,Beagle2003Leg5_2004-01-19T04:09:00Z,ap,m-1,NA,NA,NA,NA,NA,0.003,0.0019,0.0014,0.0009,0.0007,0.0007,0.0007,0.0007,0.0007,0.0008,0.0008,0.0015,0.0019,0.0019,0.0002,0
Beagle2003Leg5,Beagle,CSIRO,2004-01-20T00:13:00Z,2004,01,20,00,13,00,111.89,-21.83,0,Beagle2003Leg5_2004-01-20T00:13:00Z,ap,m-1,NA,NA,NA,NA,NA,0.0031,0.0021,0.0014,0.001,0.0008,0.0007,0.0007,0.0007,0.0008,0.0008,0.0008,0.0017,0.0022,0.0021,0.0003,0
Beagle2003Leg5,Beagle,CSIRO,2004-01-20T06:22:00Z,2004,01,20,06,22,00,112.38,-22.002,0,Beagle2003Leg5_2004-01-20T06:22:00Z,ap,m-1,NA,NA,NA,NA,NA,0.0029,0.0018,0.0012,0.0008,0.0006,0.0006,0.0005,0.0005,0.0005,0.0005,0.0007,0.0013,0.0016,0.0014,0.0001,0
05_06_V3_BROKEWEST,BROKEWEST,CSIRO,2006-01-11T06:58:00Z,2006,01,11,06,58,00,75.59626,-59.79472,10,05_06_V3_BROKEWEST_2006-01-11T06:58:00Z,ap,m-1,0.0345,0.0338,0.0349,0.0323,0.0315,0.0151,0.0134,0.0105,0.0065,0.0064,0.0052,0.0047,0.0046,0.0048,0.0045,0.0045,0.0099,0.0124,0.0077,0.0005,-0.0001
05_06_V3_BROKEWEST,BROKEWEST,CSIRO,2006-01-11T06:58:00Z,2006,01,11,06,58,00,75.59626,-59.79472,40,05_06_V3_BROKEWEST_2006-01-11T06:58:00Z,ap,m-1,0.0289,0.0285,0.0302,0.0286,0.027,0.0136,0.012,0.0099,0.0061,0.0056,0.005,0.0047,0.0041,0.0045,0.0044,0.0043,0.009,0.0115,0.0074,0.0005,-0.0003
05_06_V3_BROKEWEST,BROKEWEST,CSIRO,2006-01-11T06:58:00Z,2006,01,11,06,58,00,75.59626,-59.79472,90,05_06_V3_BROKEWEST_2006-01-11T06:58:00Z,ap,m-1,0.0203,0.0187,0.0181,0.0177,0.0168,0.0099,0.0092,0.008,0.0057,0.0057,0.0049,0.0048,0.0046,0.0047,0.0039,0.0039,0.0053,0.0065,0.0047,0.0011,-0.0001
05_06_V3_BROKEWEST,BROKEWEST,CSIRO,2006-01-11T11:58:00Z,2006,01,11,11,58,00,75.20721,-59.99405,10,05_06_V3_BROKEWEST_2006-01-11T11:58:00Z,ap,m-1,0.0325,0.0314,0.0311,0.0291,0.0275,0.0132,0.0114,0.0093,0.0062,0.0057,0.0048,0.0045,0.0044,0.0047,0.005,0.0052,0.0088,0.011,0.0071,0.0009,0.0003
05_06_V3_BROKEWEST,BROKEWEST,CSIRO,2006-01-12T01:32:00Z,2006,01,12,01,32,00,73.90483,-60.67603,20,05_06_V3_BROKEWEST_2006-01-12T01:32:00Z,ap,m-1,0.0549,0.0551,0.0503,0.0464,0.0436,0.0219,0.0183,0.0146,0.0093,0.0088,0.0074,0.0066,0.0061,0.0059,0.0055,0.0056,0.0115,0.0144,0.0094,0.0009,0.0002
05_06_V3_BROKEWEST,BROKEWEST,CSIRO,2006-01-12T01:32:00Z,2006,01,12,01,32,00,73.90483,-60.67603,30,05_06_V3_BROKEWEST_2006-01-12T01:32:00Z,ap,m-1,0.029,0.0309,0.0294,0.0274,0.0262,0.0129,0.0107,0.0086,0.0056,0.0051,0.0042,0.0038,0.0036,0.0039,0.004,0.0042,0.0086,0.0109,0.0069,0.0005,0.0003
05_06_V3_BROKEWEST,BROKEWEST,CSIRO,2006-01-12T01:32:00Z,2006,01,12,01,32,00,73.90483,-60.67603,80,05_06_V3_BROKEWEST_2006-01-12T01:32:00Z,ap,m-1,0.0143,0.015,0.0138,0.0123,0.0117,0.0066,0.0057,0.0051,0.0035,0.0035,0.0029,0.0025,0.0025,0.0025,0.0024,0.0024,0.0039,0.0049,0.0035,0.001,0
05_06_V3_BROKEWEST,BROKEWEST,CSIRO,2006-01-12T07:41:00Z,2006,01,12,07,41,00,72.91206,-61.20598,10,05_06_V3_BROKEWEST_2006-01-12T07:41:00Z,ap,m-1,0.0221,0.0224,0.0224,0.0205,0.0196,0.009,0.0073,0.0056,0.0034,0.0031,0.0026,0.0022,0.0022,0.0024,0.0026,0.0025,0.006,0.0078,0.0051,0.0002,0.0001
05_06_V3_BROKEWEST,BROKEWEST,CSIRO,2006-01-12T07:41:00Z,2006,01,12,07,41,00,72.91206,-61.20598,40,05_06_V3_BROKEWEST_2006-01-12T07:41:00Z,ap,m-1,0.0246,0.0249,0.0252,0.0235,0.022,0.0105,0.0089,0.0072,0.0048,0.0044,0.0039,0.0032,0.0033,0.0036,0.0035,0.0034,0.0073,0.0089,0.0058,0.0005,0
05_06_V3_BROKEWEST,BROKEWEST,CSIRO,2006-01-13T01:38:00Z,2006,01,13,01,38,00,67.79554,-61.41182,10,05_06_V3_BROKEWEST_2006-01-13T01:38:00Z,ap,m-1,0.0209,0.0217,0.0223,0.0205,0.0194,0.009,0.0075,0.0059,0.0035,0.0034,0.0028,0.0024,0.0024,0.0026,0.0028,0.0029,0.0062,0.0079,0.0054,0.0004,0.0001
05_06_V3_BROKEWEST,BROKEWEST,CSIRO,2006-01-13T01:38:00Z,2006,01,13,01,38,00,67.79554,-61.41182,30,05_06_V3_BROKEWEST_2006-01-13T01:38:00Z,ap,m-1,0.0258,0.0266,0.0267,0.0247,0.0237,0.0112,0.0095,0.0076,0.0047,0.0043,0.0036,0.0032,0.0031,0.0034,0.0034,0.0035,0.0076,0.0097,0.0062,0.0004,0.0001
05_06_V3_BROKEWEST,BROKEWEST,CSIRO,2006-01-13T10:06:00Z,2006,01,13,10,06,00,65.25152,-61.54261,10,05_06_V3_BROKEWEST_2006-01-13T10:06:00Z,ap,m-1,0.0283,0.0293,0.0327,0.0317,0.0301,0.0134,0.0109,0.0084,0.0049,0.0044,0.0038,0.0035,0.0034,0.0035,0.0038,0.0037,0.0085,0.011,0.0073,0.0001,0.0002
05_06_V3_BROKEWEST,BROKEWEST,CSIRO,2006-01-13T10:06:00Z,2006,01,13,10,06,00,65.25152,-61.54261,40,05_06_V3_BROKEWEST_2006-01-13T10:06:00Z,ap,m-1,0.0248,0.0254,0.0279,0.0265,0.0256,0.0122,0.0107,0.0086,0.0054,0.0046,0.0042,0.0036,0.0037,0.0042,0.0039,0.0036,0.0088,0.0112,0.0068,0.0003,0.0006
05_06_V3_BROKEWEST,BROKEWEST,CSIRO,2006-01-13T18:49:00Z,2006,01,13,18,49,00,62.67164,-61.6597,10,05_06_V3_BROKEWEST_2006-01-13T18:49:00Z,ap,m-1,0.0211,0.0212,0.0224,0.0207,0.02,0.0097,0.0082,0.0067,0.0038,0.0036,0.0031,0.0027,0.0025,0.0027,0.0027,0.0026,0.0068,0.0086,0.0058,0.0002,0.0001
05_06_V3_BROKEWEST,BROKEWEST,CSIRO,2006-01-13T18:49:00Z,2006,01,13,18,49,00,62.67164,-61.6597,20,05_06_V3_BROKEWEST_2006-01-13T18:49:00Z,ap,m-1,0.0295,0.0301,0.0325,0.0308,0.0298,0.014,0.012,0.0097,0.0058,0.0053,0.0047,0.0044,0.0041,0.0043,0.0043,0.0043,0.0095,0.0125,0.0082,0.0003,0.0002
05_06_V3_BROKEWEST,BROKEWEST,CSIRO,2006-01-14T03:41:00Z,2006,01,14,03,41,00,60.12945,-61.7614,10,05_06_V3_BROKEWEST_2006-01-14T03:41:00Z,ap,m-1,0.0054,0.0055,0.0074,0.0076,0.0074,0.0035,0.0031,0.003,0.002,0.0018,0.0019,0.0015,0.002,0.0016,0.0013,0.0013,0.0012,0.002,0.0017,-0.0001,0.0002
05_06_V3_BROKEWEST,BROKEWEST,CSIRO,2006-01-14T03:41:00Z,2006,01,14,03,41,00,60.12945,-61.7614,30,05_06_V3_BROKEWEST_2006-01-14T03:41:00Z,ap,m-1,0.0061,0.0067,0.0079,0.007,0.0073,0.0033,0.0028,0.0024,0.0015,0.0015,0.0014,0.001,0.0011,0.0011,0.0012,0.0009,0.0017,0.0023,0.0015,0.0002,0.0001
05_06_V3_BROKEWEST,BROKEWEST,CSIRO,2006-01-14T12:21:00Z,2006,01,14,12,21,00,57.57273,-61.88269,10,05_06_V3_BROKEWEST_2006-01-14T12:21:00Z,ap,m-1,0.0114,0.012,0.0129,0.0121,0.0116,0.005,0.004,0.003,0.0018,0.0017,0.0013,0.0013,0.0014,0.0014,0.0014,0.0013,0.0033,0.0044,0.0027,-0.0001,-0.0001
05_06_V3_BROKEWEST,BROKEWEST,CSIRO,2006-01-14T12:21:00Z,2006,01,14,12,21,00,57.57273,-61.88269,50,05_06_V3_BROKEWEST_2006-01-14T12:21:00Z,ap,m-1,0.0132,0.0135,0.0152,0.0145,0.0138,0.0063,0.0054,0.0042,0.0025,0.0023,0.0018,0.0016,0.0017,0.0018,0.0018,0.0016,0.0042,0.0055,0.0032,0,0
05_06_V3_BROKEWEST,BROKEWEST,CSIRO,2006-01-15T06:03:00Z,2006,01,15,06,03,00,52.51736,-62.00616,10,05_06_V3_BROKEWEST_2006-01-15T06:03:00Z,ap,m-1,0.0071,0.0078,0.0086,0.0082,0.0077,0.0034,0.0028,0.0022,0.0015,0.0013,0.0012,0.0009,0.001,0.0009,0.001,0.0009,0.0019,0.0026,0.0015,0.0002,-0.0001
05_06_V3_BROKEWEST,BROKEWEST,CSIRO,2006-01-15T06:03:00Z,2006,01,15,06,03,00,52.51736,-62.00616,90,05_06_V3_BROKEWEST_2006-01-15T06:03:00Z,ap,m-1,0.0106,0.0113,0.0129,0.0126,0.012,0.0056,0.0047,0.0038,0.0024,0.0023,0.002,0.0019,0.0018,0.0018,0.0017,0.0014,0.0032,0.0043,0.0027,0.0002,0.0001
05_06_V3_BROKEWEST,BROKEWEST,CSIRO,2006-01-16T07:40:00Z,2006,01,16,07,40,00,47.52143,-62.00051,10,05_06_V3_BROKEWEST_2006-01-16T07:40:00Z,ap,m-1,0.0155,0.0164,0.0177,0.0165,0.0157,0.0072,0.0057,0.0044,0.0026,0.0023,0.002,0.0016,0.0017,0.0017,0.0019,0.0017,0.0047,0.0061,0.004,0,0.0001
05_06_V3_BROKEWEST,BROKEWEST,CSIRO,2006-01-16T07:40:00Z,2006,01,16,07,40,00,47.52143,-62.00051,50,05_06_V3_BROKEWEST_2006-01-16T07:40:00Z,ap,m-1,0.0219,0.0237,0.0253,0.0238,0.0234,0.011,0.0099,0.0079,0.0047,0.0042,0.0035,0.003,0.0032,0.0035,0.0034,0.0034,0.008,0.0105,0.0061,0.0003,-0.0003
05_06_V3_BROKEWEST,BROKEWEST,CSIRO,2006-01-16T17:56:00Z,2006,01,16,17,56,00,45.00739,-62.0083,10,05_06_V3_BROKEWEST_2006-01-16T17:56:00Z,ap,m-1,0.0218,0.022,0.0251,0.023,0.0217,0.0104,0.0079,0.0068,0.0032,0.0033,0.0028,0.0026,0.0021,0.0026,0.0031,0.0031,0.0078,0.0096,0.0067,0.0005,0.0001
05_06_V3_BROKEWEST,BROKEWEST,CSIRO,2006-01-16T17:56:00Z,2006,01,16,17,56,00,45.00739,-62.0083,50,05_06_V3_BROKEWEST_2006-01-16T17:56:00Z,ap,m-1,0.0324,0.0327,0.0352,0.033,0.0316,0.0162,0.0138,0.0119,0.0069,0.0066,0.0059,0.0053,0.0049,0.0054,0.0051,0.0054,0.0113,0.0141,0.0086,0.0004,0
05_06_V3_BROKEWEST,BROKEWEST,CSIRO,2006-01-17T03:31:00Z,2006,01,17,03,31,00,42.48657,-62.00034,10,05_06_V3_BROKEWEST_2006-01-17T03:31:00Z,ap,m-1,0.0054,0.0054,0.0065,0.0063,0.0057,0.0027,0.002,0.0018,0.0011,0.0012,0.0009,0.001,0.0008,0.0009,0.0007,0.0009,0.0016,0.0018,0.0015,0.0001,0.0001
05_06_V3_BROKEWEST,BROKEWEST,CSIRO,2006-01-17T03:31:00Z,2006,01,17,03,31,00,42.48657,-62.00034,50,05_06_V3_BROKEWEST_2006-01-17T03:31:00Z,ap,m-1,0.01,0.0097,0.0111,0.0106,0.0098,0.0052,0.004,0.0035,0.0021,0.002,0.0019,0.0018,0.0017,0.0017,0.0017,0.0014,0.0028,0.0032,0.0023,0.0003,0.0002
05_06_V3_BROKEWEST,BROKEWEST,CSIRO,2006-01-17T13:04:00Z,2006,01,17,13,04,00,40.00518,-61.99473,10,05_06_V3_BROKEWEST_2006-01-17T13:04:00Z,ap,m-1,0.0093,0.0096,0.0109,0.0098,0.0097,0.005,0.0037,0.0034,0.0022,0.0025,0.0022,0.0018,0.0018,0.0019,0.0017,0.0017,0.003,0.0036,0.0025,0.0002,-0.0001
05_06_V3_BROKEWEST,BROKEWEST,CSIRO,2006-01-17T13:04:00Z,2006,01,17,13,04,00,40.00518,-61.99473,55,05_06_V3_BROKEWEST_2006-01-17T13:04:00Z,ap,m-1,0.0212,0.0213,0.0228,0.021,0.0199,0.0098,0.0081,0.0068,0.0038,0.0038,0.0035,0.003,0.0028,0.0032,0.0031,0.0031,0.0062,0.0076,0.0048,0.0004,0.0001
05_06_V3_BROKEWEST,BROKEWEST,CSIRO,2006-01-18T08:45:00Z,2006,01,18,08,45,00,34.98738,-62.00673,10,05_06_V3_BROKEWEST_2006-01-18T08:45:00Z,ap,m-1,0.0078,0.0079,0.0093,0.0094,0.0087,0.0047,0.0038,0.0032,0.0023,0.0025,0.0021,0.002,0.002,0.0016,0.0015,0.0016,0.0023,0.0029,0.0024,0.0006,0.0002
05_06_V3_BROKEWEST,BROKEWEST,CSIRO,2006-01-18T08:45:00Z,2006,01,18,08,45,00,34.98738,-62.00673,70,05_06_V3_BROKEWEST_2006-01-18T08:45:00Z,ap,m-1,0.0164,0.0173,0.0204,0.0195,0.019,0.0088,0.0075,0.0062,0.0036,0.0032,0.0028,0.0027,0.0023,0.0024,0.0022,0.0024,0.0061,0.0081,0.0052,0.0008,0.0003
05_06_V3_BROKEWEST,BROKEWEST,CSIRO,2006-01-18T08:45:00Z,2006,01,18,08,45,00,34.98738,-62.00673,90,05_06_V3_BROKEWEST_2006-01-18T08:45:00Z,ap,m-1,0.0181,0.0187,0.0221,0.021,0.0207,0.0108,0.0096,0.0079,0.0053,0.0053,0.0046,0.0042,0.0043,0.0044,0.004,0.0041,0.0072,0.0091,0.0063,0.0011,0.0002
05_06_V3_BROKEWEST,BROKEWEST,CSIRO,2006-01-19T04:25:00Z,2006,01,19,04,25,00,30.01684,-62.00498,10,05_06_V3_BROKEWEST_2006-01-19T04:25:00Z,ap,m-1,0.0095,0.0091,0.0096,0.0095,0.0089,0.0051,0.0041,0.0036,0.0026,0.0027,0.0024,0.0025,0.0022,0.0019,0.0014,0.0016,0.002,0.0022,0.0019,0.0004,0.0003
05_06_V3_BROKEWEST,BROKEWEST,CSIRO,2006-01-19T04:25:00Z,2006,01,19,04,25,00,30.01684,-62.00498,70,05_06_V3_BROKEWEST_2006-01-19T04:25:00Z,ap,m-1,0.0209,0.0216,0.0236,0.0224,0.022,0.0124,0.011,0.0091,0.0061,0.0058,0.0048,0.0044,0.0043,0.0044,0.0039,0.0042,0.0077,0.0096,0.0066,0.001,0.0005
05_06_V3_BROKEWEST,BROKEWEST,CSIRO,2006-01-20T06:26:00Z,2006,01,20,06,26,00,30.01089,-64.00114,10,05_06_V3_BROKEWEST_2006-01-20T06:26:00Z,ap,m-1,0.0076,0.0079,0.0087,0.008,0.0076,0.0043,0.0036,0.0034,0.0024,0.0022,0.0023,0.0021,0.002,0.0018,0.0017,0.0018,0.0025,0.0028,0.0021,0.0004,0
05_06_V3_BROKEWEST,BROKEWEST,CSIRO,2006-01-20T06:26:00Z,2006,01,20,06,26,00,30.01089,-64.00114,70,05_06_V3_BROKEWEST_2006-01-20T06:26:00Z,ap,m-1,0.0144,0.0147,0.0165,0.015,0.0146,0.0068,0.0057,0.0046,0.003,0.0026,0.0023,0.0021,0.0021,0.0022,0.0023,0.0023,0.0046,0.0058,0.0038,0.0003,-0.0001
05_06_V3_BROKEWEST,BROKEWEST,CSIRO,2006-01-21T07:34:00Z,2006,01,21,07,34,00,29.98963,-65.99322,10,05_06_V3_BROKEWEST_2006-01-21T07:34:00Z,ap,m-1,0.0076,0.0071,0.0087,0.0083,0.0075,0.0035,0.0029,0.0023,0.0018,0.0014,0.0013,0.0012,0.0012,0.0011,0.0011,0.0012,0.0021,0.0025,0.0017,0.0002,-0.0001
05_06_V3_BROKEWEST,BROKEWEST,CSIRO,2006-01-21T07:34:00Z,2006,01,21,07,34,00,29.98963,-65.99322,77,05_06_V3_BROKEWEST_2006-01-21T07:34:00Z,ap,m-1,0.0257,0.0268,0.0315,0.0285,0.0284,0.0135,0.0115,0.0092,0.0057,0.005,0.0045,0.0041,0.0042,0.0049,0.0048,0.005,0.0102,0.0128,0.009,0.0009,0
05_06_V3_BROKEWEST,BROKEWEST,CSIRO,2006-01-21T21:13:00Z,2006,01,21,21,13,00,29.98542,-66.99792,10,05_06_V3_BROKEWEST_2006-01-21T21:13:00Z,ap,m-1,0.0116,0.0118,0.0132,0.0123,0.0114,0.0049,0.004,0.0032,0.0023,0.0018,0.0017,0.0015,0.0016,0.0015,0.0015,0.0015,0.0036,0.0045,0.0031,0.0001,0.0001
05_06_V3_BROKEWEST,BROKEWEST,CSIRO,2006-01-21T21:13:00Z,2006,01,21,21,13,00,29.98542,-66.99792,20,05_06_V3_BROKEWEST_2006-01-21T21:13:00Z,ap,m-1,0.0158,0.0154,0.017,0.0156,0.015,0.007,0.0058,0.0049,0.0033,0.0028,0.0027,0.0025,0.0024,0.0024,0.0024,0.0023,0.0046,0.0057,0.0042,0.0003,0.0002
05_06_V3_BROKEWEST,BROKEWEST,CSIRO,2006-01-22T04:41:00Z,2006,01,22,04,41,00,29.98243,-67.49868,25,05_06_V3_BROKEWEST_2006-01-22T04:41:00Z,ap,m-1,0.0195,0.0198,0.0205,0.019,0.0177,0.0077,0.0065,0.0051,0.0033,0.0031,0.0027,0.0027,0.0025,0.0026,0.0026,0.0026,0.0056,0.007,0.0044,0.0004,-0.0002
05_06_V3_BROKEWEST,BROKEWEST,CSIRO,2006-01-23T02:05:00Z,2006,01,23,02,05,00,30.01326,-68.68751,10,05_06_V3_BROKEWEST_2006-01-23T02:05:00Z,ap,m-1,0.0303,0.0311,0.034,0.0324,0.0305,0.0119,0.01,0.0079,0.0056,0.0053,0.0047,0.0042,0.0041,0.0044,0.0043,0.0045,0.0099,0.0124,0.0083,0.0007,-0.0001
05_06_V3_BROKEWEST,BROKEWEST,CSIRO,2006-01-23T02:05:00Z,2006,01,23,02,05,00,30.01326,-68.68751,30,05_06_V3_BROKEWEST_2006-01-23T02:05:00Z,ap,m-1,0.0389,0.0404,0.0431,0.0405,0.04,0.0175,0.0151,0.012,0.0074,0.0069,0.0061,0.0057,0.0058,0.0074,0.0066,0.0067,0.0143,0.0183,0.0139,0.0007,0
05_06_V3_BROKEWEST,BROKEWEST,CSIRO,2006-01-23T10:33:00Z,2006,01,23,10,33,00,29.99578,-68.92784,10,05_06_V3_BROKEWEST_2006-01-23T10:33:00Z,ap,m-1,0.0316,0.0318,0.0332,0.0314,0.0297,0.0119,0.0101,0.0082,0.0056,0.0051,0.0046,0.0042,0.0041,0.0046,0.0045,0.0046,0.0106,0.0132,0.0089,0.0006,-0.0001
05_06_V3_BROKEWEST,BROKEWEST,CSIRO,2006-01-23T10:33:00Z,2006,01,23,10,33,00,29.99578,-68.92784,35,05_06_V3_BROKEWEST_2006-01-23T10:33:00Z,ap,m-1,0.0474,0.0474,0.0504,0.048,0.0468,0.0203,0.0176,0.0146,0.0094,0.009,0.008,0.0074,0.0073,0.0086,0.0079,0.0082,0.0175,0.0218,0.0152,0.0008,-0.0003
05_06_V3_BROKEWEST,BROKEWEST,CSIRO,2006-01-23T13:34:00Z,2006,01,23,13,34,00,29.94756,-69.01911,10,05_06_V3_BROKEWEST_2006-01-23T13:34:00Z,ap,m-1,0.0243,0.0262,0.0291,0.0277,0.0265,0.0103,0.0085,0.0069,0.0042,0.0038,0.0035,0.0032,0.0032,0.0036,0.0034,0.0037,0.0083,0.0108,0.0076,0.0002,-0.0001
05_06_V3_BROKEWEST,BROKEWEST,CSIRO,2006-01-23T13:34:00Z,2006,01,23,13,34,00,29.94756,-69.01911,55,05_06_V3_BROKEWEST_2006-01-23T13:34:00Z,ap,m-1,0.0535,0.0545,0.0574,0.0549,0.0548,0.0245,0.0214,0.0181,0.0126,0.012,0.0113,0.0108,0.0111,0.0132,0.0102,0.0108,0.0205,0.0255,0.0199,0.0018,0
05_06_V3_BROKEWEST,BROKEWEST,CSIRO,2006-01-23T16:17:00Z,2006,01,23,16,17,00,29.98526,-69.07925,5,05_06_V3_BROKEWEST_2006-01-23T16:17:00Z,ap,m-1,0.0583,0.0595,0.0622,0.0587,0.0574,0.0242,0.0212,0.0178,0.0127,0.0118,0.0109,0.0103,0.0102,0.012,0.0111,0.0117,0.0228,0.028,0.0215,0.0014,-0.0001
05_06_V3_BROKEWEST,BROKEWEST,CSIRO,2006-01-23T16:17:00Z,2006,01,23,16,17,00,29.98526,-69.07925,20,05_06_V3_BROKEWEST_2006-01-23T16:17:00Z,ap,m-1,0.0469,0.0479,0.0503,0.0478,0.047,0.0203,0.0174,0.0145,0.0098,0.0093,0.0084,0.0082,0.0082,0.0099,0.009,0.0093,0.0184,0.0227,0.0176,0.0012,-0.0002
05_06_V3_BROKEWEST,BROKEWEST,CSIRO,2006-01-28T20:27:00Z,2006,01,28,20,27,00,39.99274,-63.32081,10,05_06_V3_BROKEWEST_2006-01-28T20:27:00Z,ap,m-1,0.0084,0.0082,0.0085,0.0081,0.0079,0.0039,0.0034,0.0029,0.0019,0.0015,0.0016,0.0014,0.0015,0.0014,0.0016,0.0013,0.002,0.0026,0.0018,0.0001,0
05_06_V3_BROKEWEST,BROKEWEST,CSIRO,2006-01-28T20:27:00Z,2006,01,28,20,27,00,39.99274,-63.32081,30,05_06_V3_BROKEWEST_2006-01-28T20:27:00Z,ap,m-1,0.0099,0.0098,0.0097,0.0091,0.0087,0.0044,0.004,0.0032,0.0021,0.0021,0.0021,0.0017,0.0018,0.0016,0.0015,0.0014,0.002,0.0024,0.0017,0.0001,0
05_06_V3_BROKEWEST,BROKEWEST,CSIRO,2006-01-28T20:27:00Z,2006,01,28,20,27,00,39.99274,-63.32081,60,05_06_V3_BROKEWEST_2006-01-28T20:27:00Z,ap,m-1,0.0159,0.0161,0.0156,0.0142,0.0139,0.0067,0.0058,0.0047,0.0032,0.0028,0.0025,0.0023,0.0022,0.0022,0.0021,0.002,0.0042,0.0055,0.0035,0.0002,0.0001
05_06_V3_BROKEWEST,BROKEWEST,CSIRO,2006-01-29T04:48:00Z,2006,01,29,04,48,00,40.02486,-63.99715,10,05_06_V3_BROKEWEST_2006-01-29T04:48:00Z,ap,m-1,0.0092,0.0091,0.0097,0.009,0.0087,0.0045,0.004,0.0032,0.0023,0.0023,0.0019,0.0018,0.0019,0.0016,0.0017,0.0016,0.0022,0.0027,0.0018,0.0001,0.0001
05_06_V3_BROKEWEST,BROKEWEST,CSIRO,2006-01-29T04:48:00Z,2006,01,29,04,48,00,40.02486,-63.99715,84,05_06_V3_BROKEWEST_2006-01-29T04:48:00Z,ap,m-1,0.0177,0.0185,0.0201,0.0185,0.018,0.0096,0.0083,0.007,0.0048,0.0043,0.0037,0.0035,0.0033,0.0033,0.0034,0.003,0.0057,0.0073,0.0051,0.0003,0.0001
05_06_V3_BROKEWEST,BROKEWEST,CSIRO,2006-01-29T05:34:00Z,2006,01,29,05,34,00,39.99583,-66.00065,10,05_06_V3_BROKEWEST_2006-01-29T05:34:00Z,ap,m-1,0.0104,0.0096,0.01,0.0094,0.009,0.0041,0.0032,0.0028,0.002,0.0017,0.0016,0.0013,0.0015,0.0014,0.0014,0.0013,0.0021,0.0026,0.0014,0,0.0001
05_06_V3_BROKEWEST,BROKEWEST,CSIRO,2006-01-29T05:34:00Z,2006,01,29,05,34,00,39.99583,-66.00065,70,05_06_V3_BROKEWEST_2006-01-29T05:34:00Z,ap,m-1,0.0188,0.0195,0.0194,0.0182,0.0177,0.0094,0.008,0.0064,0.0042,0.0037,0.0037,0.0029,0.0032,0.0028,0.0025,0.0025,0.0038,0.0048,0.0035,0.0005,0.0001
05_06_V3_BROKEWEST,BROKEWEST,CSIRO,2006-01-30T03:08:00Z,2006,01,30,03,08,00,39.97042,-67.50274,10,05_06_V3_BROKEWEST_2006-01-30T03:08:00Z,ap,m-1,0.0257,0.0266,0.0298,0.0289,0.0272,0.0106,0.0082,0.0067,0.0045,0.0042,0.0037,0.0034,0.0034,0.0034,0.0034,0.0035,0.0073,0.0094,0.0062,0.0002,0
05_06_V3_BROKEWEST,BROKEWEST,CSIRO,2006-01-30T03:08:00Z,2006,01,30,03,08,00,39.97042,-67.50274,30,05_06_V3_BROKEWEST_2006-01-30T03:08:00Z,ap,m-1,0.0246,0.025,0.029,0.0272,0.0263,0.0115,0.0096,0.008,0.0052,0.0048,0.0041,0.0036,0.0036,0.0036,0.0037,0.0037,0.0082,0.0109,0.0071,0.0004,0
05_06_V3_BROKEWEST,BROKEWEST,CSIRO,2006-01-30T03:08:00Z,2006,01,30,03,08,00,39.97042,-67.50274,60,05_06_V3_BROKEWEST_2006-01-30T03:08:00Z,ap,m-1,0.0192,0.0193,0.0193,0.0179,0.0171,0.009,0.0075,0.0066,0.0042,0.0038,0.0034,0.003,0.0028,0.003,0.0027,0.0028,0.0054,0.0069,0.0043,0,-0.0001
05_06_V3_BROKEWEST,BROKEWEST,CSIRO,2006-01-30T09:40:00Z,2006,01,30,09,40,00,39.99483,-67.94176,10,05_06_V3_BROKEWEST_2006-01-30T09:40:00Z,ap,m-1,0.0244,0.0258,0.0274,0.0265,0.0251,0.0093,0.0073,0.0059,0.0041,0.0035,0.0031,0.0031,0.0027,0.0029,0.0032,0.003,0.0066,0.0082,0.0057,0.0001,-0.0002
05_06_V3_BROKEWEST,BROKEWEST,CSIRO,2006-01-30T09:40:00Z,2006,01,30,09,40,00,39.99483,-67.94176,40,05_06_V3_BROKEWEST_2006-01-30T09:40:00Z,ap,m-1,0.0352,0.0372,0.0406,0.0384,0.0375,0.0157,0.0133,0.0104,0.0065,0.0058,0.005,0.0049,0.0043,0.0052,0.0049,0.005,0.011,0.0145,0.0102,0.0004,-0.0002
05_06_V3_BROKEWEST,BROKEWEST,CSIRO,2006-01-30T13:19:00Z,2006,01,30,13,19,00,39.99297,-68.05339,10,05_06_V3_BROKEWEST_2006-01-30T13:19:00Z,ap,m-1,0.0227,0.0235,0.0263,0.0267,0.0254,0.01,0.0082,0.0062,0.0045,0.0041,0.0033,0.0031,0.0029,0.0029,0.003,0.003,0.0059,0.0074,0.005,0.0004,-0.0002
05_06_V3_BROKEWEST,BROKEWEST,CSIRO,2006-01-30T13:19:00Z,2006,01,30,13,19,00,39.99297,-68.05339,35,05_06_V3_BROKEWEST_2006-01-30T13:19:00Z,ap,m-1,0.0273,0.0283,0.0314,0.0305,0.0287,0.0115,0.0096,0.0076,0.005,0.0045,0.0038,0.0036,0.0032,0.0035,0.0036,0.0035,0.008,0.0103,0.0069,0.0002,-0.0002
05_06_V3_BROKEWEST,BROKEWEST,CSIRO,2006-01-30T16:38:00Z,2006,01,30,16,38,00,40.00068,-68.13659,10,05_06_V3_BROKEWEST_2006-01-30T16:38:00Z,ap,m-1,0.0248,0.0255,0.0282,0.0278,0.0261,0.0097,0.0078,0.0063,0.0044,0.0038,0.0035,0.0032,0.0028,0.003,0.0032,0.0031,0.0066,0.0085,0.0056,0.0002,-0.0001
05_06_V3_BROKEWEST,BROKEWEST,CSIRO,2006-01-30T16:38:00Z,2006,01,30,16,38,00,40.00068,-68.13659,40,05_06_V3_BROKEWEST_2006-01-30T16:38:00Z,ap,m-1,0.0319,0.033,0.037,0.0359,0.034,0.0144,0.0124,0.0103,0.0067,0.0059,0.0052,0.0047,0.0043,0.0046,0.0046,0.0045,0.0101,0.0131,0.0083,0.0004,-0.0001
05_06_V3_BROKEWEST,BROKEWEST,CSIRO,2006-01-30T19:14:00Z,2006,01,30,19,14,00,39.99302,-68.14713,10,05_06_V3_BROKEWEST_2006-01-30T19:14:00Z,ap,m-1,0.0286,0.0296,0.0328,0.0317,0.0306,0.013,0.0109,0.0092,0.006,0.0054,0.0047,0.0041,0.004,0.0043,0.0042,0.0041,0.0089,0.012,0.0076,0.0005,0
05_06_V3_BROKEWEST,BROKEWEST,CSIRO,2006-01-30T19:14:00Z,2006,01,30,19,14,00,39.99302,-68.14713,40,05_06_V3_BROKEWEST_2006-01-30T19:14:00Z,ap,m-1,0.0228,0.0238,0.0259,0.0259,0.0237,0.0089,0.007,0.0056,0.0041,0.0037,0.0034,0.003,0.0029,0.0028,0.0029,0.0029,0.0058,0.0075,0.0053,0.0002,0
05_06_V3_BROKEWEST,BROKEWEST,CSIRO,2006-01-30T21:56:00Z,2006,01,30,21,56,00,40.00556,-68.19465,10,05_06_V3_BROKEWEST_2006-01-30T21:56:00Z,ap,m-1,0.0164,0.0168,0.0187,0.0178,0.0167,0.0072,0.006,0.0047,0.0032,0.0029,0.0026,0.0022,0.0022,0.0022,0.0023,0.0022,0.0046,0.0059,0.0045,0.0002,0
05_06_V3_BROKEWEST,BROKEWEST,CSIRO,2006-01-30T21:56:00Z,2006,01,30,21,56,00,40.00556,-68.19465,30,05_06_V3_BROKEWEST_2006-01-30T21:56:00Z,ap,m-1,0.0232,0.024,0.0261,0.0253,0.0241,0.0111,0.0094,0.0079,0.0055,0.0049,0.0044,0.0035,0.0037,0.0038,0.0035,0.0035,0.0072,0.0093,0.0065,0.0003,0
05_06_V3_BROKEWEST,BROKEWEST,CSIRO,2006-02-03T01:42:00Z,2006,02,03,01,42,00,49.99313,-62.6763,10,05_06_V3_BROKEWEST_2006-02-03T01:42:00Z,ap,m-1,0.0174,0.0177,0.0173,0.0165,0.0152,0.0072,0.0063,0.0051,0.004,0.0034,0.0033,0.0026,0.0025,0.0025,0.0027,0.0024,0.0045,0.0059,0.004,0.0001,-0.0001
05_06_V3_BROKEWEST,BROKEWEST,CSIRO,2006-02-03T01:42:00Z,2006,02,03,01,42,00,49.99313,-62.6763,70,05_06_V3_BROKEWEST_2006-02-03T01:42:00Z,ap,m-1,0.0235,0.0231,0.0234,0.0215,0.0202,0.0109,0.0092,0.0081,0.0055,0.0048,0.0044,0.0039,0.0039,0.0042,0.0039,0.0038,0.0069,0.0088,0.0055,0.0001,0.0001
05_06_V3_BROKEWEST,BROKEWEST,CSIRO,2006-02-03T09:46:00Z,2006,02,03,09,46,00,49.99018,-63.33097,10,05_06_V3_BROKEWEST_2006-02-03T09:46:00Z,ap,m-1,0.0148,0.0153,0.0156,0.0146,0.0136,0.0062,0.0053,0.0042,0.0026,0.0023,0.0021,0.002,0.0018,0.0019,0.0017,0.0019,0.0039,0.0052,0.0033,0.0002,-0.0001
05_06_V3_BROKEWEST,BROKEWEST,CSIRO,2006-02-03T09:46:00Z,2006,02,03,09,46,00,49.99018,-63.33097,60,05_06_V3_BROKEWEST_2006-02-03T09:46:00Z,ap,m-1,0.0254,0.0259,0.026,0.0239,0.0228,0.0114,0.0101,0.0083,0.0051,0.0046,0.004,0.0038,0.0034,0.0039,0.0036,0.0036,0.0082,0.0108,0.0062,0.0004,0.0001
05_06_V3_BROKEWEST,BROKEWEST,CSIRO,2006-02-04T11:49:00Z,2006,02,04,11,49,00,49.98648,-64.99979,10,05_06_V3_BROKEWEST_2006-02-04T11:49:00Z,ap,m-1,0.0121,0.0126,0.0131,0.0122,0.0111,0.0051,0.0042,0.0033,0.002,0.0019,0.0017,0.0016,0.0015,0.0016,0.0016,0.0016,0.0033,0.0045,0.003,0.0001,-0.0001
05_06_V3_BROKEWEST,BROKEWEST,CSIRO,2006-02-04T11:49:00Z,2006,02,04,11,49,00,49.98648,-64.99979,70,05_06_V3_BROKEWEST_2006-02-04T11:49:00Z,ap,m-1,0.0192,0.0207,0.0224,0.0204,0.02,0.0095,0.0082,0.0066,0.0039,0.0034,0.0031,0.0028,0.0025,0.0032,0.003,0.0029,0.0065,0.0088,0.006,0.0006,0
05_06_V3_BROKEWEST,BROKEWEST,CSIRO,2006-02-05T02:57:00Z,2006,02,05,02,57,00,49.97453,-65.87168,10,05_06_V3_BROKEWEST_2006-02-05T02:57:00Z,ap,m-1,0.0173,0.0178,0.0183,0.0168,0.0161,0.0067,0.0056,0.0045,0.003,0.0027,0.0024,0.0023,0.0018,0.0021,0.0022,0.0021,0.0047,0.0065,0.0043,0.0004,-0.0001
05_06_V3_BROKEWEST,BROKEWEST,CSIRO,2006-02-05T02:57:00Z,2006,02,05,02,57,00,49.97453,-65.87168,70,05_06_V3_BROKEWEST_2006-02-05T02:57:00Z,ap,m-1,0.0271,0.0291,0.0317,0.0289,0.0283,0.0134,0.0118,0.0095,0.0059,0.0053,0.0046,0.0045,0.0041,0.0043,0.004,0.0039,0.009,0.0122,0.0081,0.0007,-0.0001
05_06_V3_BROKEWEST,BROKEWEST,CSIRO,2006-02-05T06:16:00Z,2006,02,05,06,16,00,49.97016,-66.01136,10,05_06_V3_BROKEWEST_2006-02-05T06:16:00Z,ap,m-1,0.0222,0.0226,0.0245,0.0228,0.0218,0.0093,0.0076,0.0059,0.0038,0.0033,0.0031,0.0027,0.0027,0.0028,0.0031,0.0028,0.0069,0.0087,0.0061,0.0003,0
05_06_V3_BROKEWEST,BROKEWEST,CSIRO,2006-02-05T06:16:00Z,2006,02,05,06,16,00,49.97016,-66.01136,60,05_06_V3_BROKEWEST_2006-02-05T06:16:00Z,ap,m-1,0.0258,0.0264,0.0282,0.026,0.0253,0.0122,0.0101,0.008,0.005,0.0045,0.004,0.0035,0.0035,0.004,0.004,0.0039,0.0091,0.0115,0.0083,0.0005,-0.0001
05_06_V3_BROKEWEST,BROKEWEST,CSIRO,2006-02-05T08:51:00Z,2006,02,05,08,51,00,49.98886,-66.02888,10,05_06_V3_BROKEWEST_2006-02-05T08:51:00Z,ap,m-1,0.0223,0.0224,0.0242,0.0226,0.0214,0.0092,0.0074,0.0058,0.0038,0.0035,0.0031,0.0028,0.0027,0.0029,0.0033,0.0031,0.0068,0.0086,0.006,0.0006,0.0001
05_06_V3_BROKEWEST,BROKEWEST,CSIRO,2006-02-05T08:51:00Z,2006,02,05,08,51,00,49.98886,-66.02888,50,05_06_V3_BROKEWEST_2006-02-05T08:51:00Z,ap,m-1,0.0232,0.0232,0.0238,0.0219,0.0213,0.0104,0.0089,0.0073,0.0046,0.0041,0.0037,0.0034,0.0035,0.0036,0.0037,0.0035,0.008,0.0101,0.0072,0.0005,0.0001
05_06_V3_BROKEWEST,BROKEWEST,CSIRO,2006-02-05T13:01:00Z,2006,02,05,13,01,00,49.98228,-66.0909,10,05_06_V3_BROKEWEST_2006-02-05T13:01:00Z,ap,m-1,0.0316,0.0319,0.0332,0.0298,0.0279,0.013,0.0106,0.0085,0.0055,0.005,0.0044,0.0039,0.0038,0.0042,0.0044,0.0047,0.0105,0.0134,0.0097,0.0005,-0.0002
05_06_V3_BROKEWEST,BROKEWEST,CSIRO,2006-02-05T13:01:00Z,2006,02,05,13,01,00,49.98228,-66.0909,30,05_06_V3_BROKEWEST_2006-02-05T13:01:00Z,ap,m-1,0.032,0.0326,0.0337,0.0305,0.0287,0.0137,0.0109,0.009,0.0057,0.005,0.0045,0.0042,0.004,0.0044,0.0047,0.0048,0.0112,0.0139,0.0102,0.0005,-0.0001
05_06_V3_BROKEWEST,BROKEWEST,CSIRO,2006-02-05T13:01:00Z,2006,02,05,13,01,00,49.98228,-66.0909,70,05_06_V3_BROKEWEST_2006-02-05T13:01:00Z,ap,m-1,0.0386,0.0393,0.0404,0.0358,0.0337,0.0178,0.015,0.0126,0.008,0.0074,0.0064,0.0058,0.0058,0.0067,0.0071,0.0074,0.0164,0.0202,0.015,0.0008,-0.0001
05_06_V3_BROKEWEST,BROKEWEST,CSIRO,2006-02-05T16:01:00Z,2006,02,05,16,01,00,50.15374,-66.33867,10,05_06_V3_BROKEWEST_2006-02-05T16:01:00Z,ap,m-1,0.0634,0.064,0.0594,0.0521,0.0483,0.0243,0.0202,0.0163,0.0112,0.0106,0.0094,0.0091,0.0085,0.0098,0.0103,0.0108,0.0211,0.0256,0.02,0.0014,-0.0002
05_06_V3_BROKEWEST,BROKEWEST,CSIRO,2006-02-05T16:01:00Z,2006,02,05,16,01,00,50.15374,-66.33867,20,05_06_V3_BROKEWEST_2006-02-05T16:01:00Z,ap,m-1,0.0452,0.0464,0.0437,0.0387,0.0352,0.0168,0.0139,0.0112,0.0075,0.0071,0.0062,0.0059,0.0058,0.0069,0.0067,0.0071,0.0144,0.0175,0.0135,0.0008,-0.0002
05_06_V3_BROKEWEST,BROKEWEST,CSIRO,2006-02-05T16:01:00Z,2006,02,05,16,01,00,50.15374,-66.33867,50,05_06_V3_BROKEWEST_2006-02-05T16:01:00Z,ap,m-1,0.0609,0.0621,0.0592,0.0523,0.0477,0.0238,0.0196,0.0162,0.0111,0.0101,0.009,0.0085,0.0084,0.0096,0.0103,0.0106,0.0214,0.0258,0.0202,0.0012,-0.0003
05_06_V3_BROKEWEST,BROKEWEST,CSIRO,2006-02-08T04:54:00Z,2006,02,08,04,54,00,60.00407,-62.34059,10,05_06_V3_BROKEWEST_2006-02-08T04:54:00Z,ap,m-1,0.0104,0.0107,0.0104,0.0099,0.0089,0.0045,0.0043,0.0035,0.0023,0.0022,0.002,0.002,0.0015,0.0019,0.0015,0.0015,0.0027,0.0034,0.0023,0.0003,-0.0001
05_06_V3_BROKEWEST,BROKEWEST,CSIRO,2006-02-08T04:54:00Z,2006,02,08,04,54,00,60.00407,-62.34059,70,05_06_V3_BROKEWEST_2006-02-08T04:54:00Z,ap,m-1,0.0145,0.0145,0.0149,0.0138,0.0126,0.0068,0.0058,0.0051,0.0033,0.0031,0.003,0.0027,0.0025,0.0029,0.0024,0.0023,0.0038,0.0047,0.003,0.0006,0.0003
05_06_V3_BROKEWEST,BROKEWEST,CSIRO,2006-02-08T04:54:00Z,2006,02,08,04,54,00,60.00407,-62.34059,90,05_06_V3_BROKEWEST_2006-02-08T04:54:00Z,ap,m-1,0.0151,0.0159,0.0171,0.0155,0.0144,0.0073,0.0065,0.0055,0.0035,0.0035,0.003,0.0029,0.0029,0.0031,0.0028,0.0027,0.0049,0.0062,0.0044,0.0006,0.0001
05_06_V3_BROKEWEST,BROKEWEST,CSIRO,2006-02-09T01:06:00Z,2006,02,09,01,06,00,60.00845,-63.67102,10,05_06_V3_BROKEWEST_2006-02-09T01:06:00Z,ap,m-1,0.0115,0.0121,0.0133,0.0122,0.0108,0.0053,0.0049,0.0038,0.0028,0.0028,0.0024,0.0023,0.002,0.0024,0.0019,0.0015,0.0033,0.004,0.0027,0.0007,-0.0002
05_06_V3_BROKEWEST,BROKEWEST,CSIRO,2006-02-09T01:06:00Z,2006,02,09,01,06,00,60.00845,-63.67102,40,05_06_V3_BROKEWEST_2006-02-09T01:06:00Z,ap,m-1,0.0137,0.0141,0.0142,0.0132,0.0123,0.006,0.0053,0.0044,0.0029,0.0026,0.0024,0.0022,0.0022,0.0022,0.002,0.0019,0.0033,0.0041,0.0028,0.0003,0
05_06_V3_BROKEWEST,BROKEWEST,CSIRO,2006-02-09T01:06:00Z,2006,02,09,01,06,00,60.00845,-63.67102,90,05_06_V3_BROKEWEST_2006-02-09T01:06:00Z,ap,m-1,0.0186,0.0195,0.0208,0.02,0.0184,0.0094,0.0084,0.0074,0.0047,0.0043,0.0038,0.0036,0.0035,0.0039,0.0032,0.0034,0.0064,0.0077,0.0052,0.0009,0.0001
05_06_V3_BROKEWEST,BROKEWEST,CSIRO,2006-02-09T08:57:00Z,2006,02,09,08,57,00,60.00067,-64.34364,10,05_06_V3_BROKEWEST_2006-02-09T08:57:00Z,ap,m-1,0.0105,0.011,0.012,0.0115,0.0109,0.0049,0.0038,0.003,0.0019,0.0017,0.0016,0.0013,0.0013,0.0013,0.0014,0.0012,0.0029,0.0037,0.0024,0,0.0002
05_06_V3_BROKEWEST,BROKEWEST,CSIRO,2006-02-09T08:57:00Z,2006,02,09,08,57,00,60.00067,-64.34364,50,05_06_V3_BROKEWEST_2006-02-09T08:57:00Z,ap,m-1,0.0115,0.0119,0.0127,0.0117,0.0113,0.0052,0.0042,0.0033,0.0023,0.002,0.0018,0.0015,0.0016,0.0016,0.0016,0.0016,0.0032,0.0041,0.0027,0,0.0001
05_06_V3_BROKEWEST,BROKEWEST,CSIRO,2006-02-09T08:57:00Z,2006,02,09,08,57,00,60.00067,-64.34364,90,05_06_V3_BROKEWEST_2006-02-09T08:57:00Z,ap,m-1,0.0121,0.0125,0.0134,0.0122,0.0122,0.006,0.005,0.004,0.0026,0.0024,0.0022,0.0019,0.0019,0.0024,0.0023,0.0022,0.0042,0.0053,0.0039,0.0003,0.0001
05_06_V3_BROKEWEST,BROKEWEST,CSIRO,2006-02-10T08:29:00Z,2006,02,10,08,29,00,59.99199,-66.00302,10,05_06_V3_BROKEWEST_2006-02-10T08:29:00Z,ap,m-1,0.0106,0.0112,0.0129,0.0123,0.0118,0.005,0.004,0.0032,0.0022,0.0018,0.0019,0.0015,0.0014,0.0016,0.0016,0.0015,0.003,0.0038,0.0026,0.0001,0.0002
05_06_V3_BROKEWEST,BROKEWEST,CSIRO,2006-02-10T08:29:00Z,2006,02,10,08,29,00,59.99199,-66.00302,60,05_06_V3_BROKEWEST_2006-02-10T08:29:00Z,ap,m-1,0.0171,0.0179,0.0198,0.0182,0.0179,0.0087,0.0073,0.0058,0.0037,0.0032,0.0028,0.0026,0.0026,0.0029,0.0028,0.0028,0.0057,0.0073,0.0049,0.0003,0.0002
05_06_V3_BROKEWEST,BROKEWEST,CSIRO,2006-02-10T14:09:00Z,2006,02,10,14,09,00,59.99972,-66.31366,10,05_06_V3_BROKEWEST_2006-02-10T14:09:00Z,ap,m-1,0.0124,0.013,0.0141,0.0137,0.0129,0.0053,0.0043,0.0035,0.0024,0.002,0.0019,0.0018,0.0016,0.0018,0.0015,0.0016,0.0031,0.004,0.0028,0.0001,0.0002
05_06_V3_BROKEWEST,BROKEWEST,CSIRO,2006-02-10T14:09:00Z,2006,02,10,14,09,00,59.99972,-66.31366,40,05_06_V3_BROKEWEST_2006-02-10T14:09:00Z,ap,m-1,0.0148,0.0157,0.0177,0.016,0.0157,0.0074,0.0062,0.005,0.0031,0.0028,0.0026,0.0025,0.0024,0.0029,0.0028,0.0029,0.0059,0.0073,0.0053,0.0003,0.0001
05_06_V3_BROKEWEST,BROKEWEST,CSIRO,2006-02-10T14:09:00Z,2006,02,10,14,09,00,59.99972,-66.31366,80,05_06_V3_BROKEWEST_2006-02-10T14:09:00Z,ap,m-1,0.0133,0.0138,0.0143,0.0138,0.0131,0.0057,0.0048,0.0039,0.0026,0.0023,0.0019,0.0018,0.0018,0.0019,0.0016,0.0017,0.0033,0.0043,0.003,0,0.0001
05_06_V3_BROKEWEST,BROKEWEST,CSIRO,2006-02-10T19:32:00Z,2006,02,10,19,32,00,59.9608,-66.49846,10,05_06_V3_BROKEWEST_2006-02-10T19:32:00Z,ap,m-1,0.0099,0.0098,0.0108,0.0103,0.0099,0.0043,0.0036,0.003,0.0021,0.0017,0.0015,0.0016,0.0013,0.0016,0.0013,0.0013,0.0023,0.003,0.0023,0,0.0001
05_06_V3_BROKEWEST,BROKEWEST,CSIRO,2006-02-10T19:32:00Z,2006,02,10,19,32,00,59.9608,-66.49846,90,05_06_V3_BROKEWEST_2006-02-10T19:32:00Z,ap,m-1,0.0153,0.0162,0.0184,0.0168,0.0167,0.0078,0.0069,0.0054,0.0032,0.0027,0.0023,0.0023,0.0022,0.0026,0.0024,0.0026,0.0056,0.0072,0.0051,0.0001,0
05_06_V3_BROKEWEST,BROKEWEST,CSIRO,2006-02-10T23:08:00Z,2006,02,10,23,08,00,59.96785,-66.55705,20,05_06_V3_BROKEWEST_2006-02-10T23:08:00Z,ap,m-1,0.0259,0.0265,0.026,0.0233,0.0219,0.0105,0.0086,0.007,0.0047,0.0043,0.0036,0.0035,0.0033,0.0036,0.0038,0.0039,0.0082,0.0103,0.0077,0.0005,0
05_06_V3_BROKEWEST,BROKEWEST,CSIRO,2006-02-10T23:08:00Z,2006,02,10,23,08,00,59.96785,-66.55705,50,05_06_V3_BROKEWEST_2006-02-10T23:08:00Z,ap,m-1,0.0189,0.0196,0.0206,0.0185,0.018,0.0088,0.0076,0.0063,0.0042,0.0037,0.0032,0.0029,0.0027,0.003,0.0031,0.0031,0.0066,0.0084,0.006,0.0004,0.0001
05_06_V3_BROKEWEST,BROKEWEST,CSIRO,2006-02-11T02:16:00Z,2006,02,11,02,16,00,59.96748,-66.66141,10,05_06_V3_BROKEWEST_2006-02-11T02:16:00Z,ap,m-1,0.0853,0.0848,0.077,0.0662,0.061,0.0299,0.025,0.0209,0.0146,0.0133,0.0121,0.0111,0.011,0.0121,0.0129,0.0133,0.0268,0.033,0.0261,0.0024,0.0003
05_06_V3_BROKEWEST,BROKEWEST,CSIRO,2006-02-11T02:16:00Z,2006,02,11,02,16,00,59.96748,-66.66141,30,05_06_V3_BROKEWEST_2006-02-11T02:16:00Z,ap,m-1,0.034,0.0357,0.0348,0.0308,0.0297,0.016,0.014,0.0124,0.0086,0.008,0.0071,0.0065,0.0062,0.0069,0.0068,0.0069,0.0132,0.0161,0.0122,0.0011,0.0001
05_06_V3_BROKEWEST,BROKEWEST,CSIRO,2006-02-11T05:17:00Z,2006,02,11,05,17,00,59.97529,-66.68059,15,05_06_V3_BROKEWEST_2006-02-11T05:17:00Z,ap,m-1,0.1249,0.1256,0.1099,0.0944,0.0867,0.0424,0.035,0.0287,0.0202,0.0182,0.0163,0.0156,0.0149,0.0167,0.0181,0.0186,0.0379,0.0468,0.0375,0.0035,0
05_06_V3_BROKEWEST,BROKEWEST,CSIRO,2006-02-11T05:17:00Z,2006,02,11,05,17,00,59.97529,-66.68059,30,05_06_V3_BROKEWEST_2006-02-11T05:17:00Z,ap,m-1,0.0378,0.0382,0.0372,0.0331,0.0311,0.0161,0.0141,0.0123,0.0082,0.0076,0.0066,0.0062,0.0059,0.0067,0.0071,0.0073,0.0149,0.0183,0.0139,0.0012,0.0002
05_06_V3_BROKEWEST,BROKEWEST,CSIRO,2006-02-11T08:02:00Z,2006,02,11,08,02,00,59.99201,-66.90237,20,05_06_V3_BROKEWEST_2006-02-11T08:02:00Z,ap,m-1,0.0988,0.0994,0.0902,0.0802,0.0753,0.0402,0.035,0.0295,0.0205,0.0191,0.0167,0.0159,0.0156,0.017,0.0175,0.0177,0.0364,0.0439,0.0338,0.0032,0.0001
05_06_V3_BROKEWEST,BROKEWEST,CSIRO,2006-02-11T08:02:00Z,2006,02,11,08,02,00,59.99201,-66.90237,40,05_06_V3_BROKEWEST_2006-02-11T08:02:00Z,ap,m-1,0.0569,0.0578,0.0544,0.0488,0.0461,0.0254,0.0222,0.0189,0.0128,0.0117,0.0102,0.0095,0.0093,0.0106,0.0108,0.0111,0.0222,0.0271,0.021,0.0017,-0.0001
05_06_V3_BROKEWEST,BROKEWEST,CSIRO,2006-02-17T00:36:00Z,2006,02,17,00,36,00,69.98748,-62.00015,10,05_06_V3_BROKEWEST_2006-02-17T00:36:00Z,ap,m-1,0.0288,0.0287,0.0279,0.026,0.0244,0.0125,0.0105,0.0088,0.0057,0.0051,0.0045,0.0041,0.0039,0.0041,0.0039,0.0039,0.0084,0.0105,0.0068,0.0002,-0.0001
05_06_V3_BROKEWEST,BROKEWEST,CSIRO,2006-02-17T00:36:00Z,2006,02,17,00,36,00,69.98748,-62.00015,30,05_06_V3_BROKEWEST_2006-02-17T00:36:00Z,ap,m-1,0.0357,0.0354,0.0352,0.0324,0.0309,0.0159,0.0136,0.0111,0.0074,0.0067,0.006,0.0055,0.0052,0.0054,0.0052,0.0053,0.0113,0.014,0.0094,0.0006,0
05_06_V3_BROKEWEST,BROKEWEST,CSIRO,2006-02-17T00:36:00Z,2006,02,17,00,36,00,69.98748,-62.00015,60,05_06_V3_BROKEWEST_2006-02-17T00:36:00Z,ap,m-1,0.0276,0.0279,0.027,0.0245,0.0235,0.0123,0.0108,0.009,0.0058,0.0053,0.0047,0.0044,0.0042,0.0045,0.0043,0.0044,0.0091,0.0113,0.0077,0.0007,0
05_06_V3_BROKEWEST,BROKEWEST,CSIRO,2006-02-17T10:00:00Z,2006,02,17,10,00,00,69.99579,-62.66728,10,05_06_V3_BROKEWEST_2006-02-17T10:00:00Z,ap,m-1,0.018,0.0179,0.0173,0.016,0.0154,0.0072,0.0062,0.0053,0.0032,0.0031,0.0026,0.0023,0.0023,0.0025,0.0023,0.0022,0.0051,0.0066,0.0042,0.0001,0
05_06_V3_BROKEWEST,BROKEWEST,CSIRO,2006-02-17T10:00:00Z,2006,02,17,10,00,00,69.99579,-62.66728,40,05_06_V3_BROKEWEST_2006-02-17T10:00:00Z,ap,m-1,0.0213,0.0213,0.021,0.0196,0.019,0.0092,0.0082,0.0068,0.0042,0.0042,0.0034,0.003,0.003,0.003,0.0026,0.0028,0.0071,0.009,0.006,0.0001,0
05_06_V3_BROKEWEST,BROKEWEST,CSIRO,2006-02-17T10:00:00Z,2006,02,17,10,00,00,69.99579,-62.66728,70,05_06_V3_BROKEWEST_2006-02-17T10:00:00Z,ap,m-1,0.0103,0.0099,0.0102,0.0094,0.0092,0.0048,0.0041,0.0036,0.0022,0.0021,0.0018,0.0017,0.0016,0.0018,0.0017,0.0016,0.0035,0.0044,0.0031,0.0003,0.0001
05_06_V3_BROKEWEST,BROKEWEST,CSIRO,2006-02-17T20:20:00Z,2006,02,17,20,20,00,69.98611,-63.33602,10,05_06_V3_BROKEWEST_2006-02-17T20:20:00Z,ap,m-1,0.0219,0.0225,0.0225,0.0209,0.0205,0.0102,0.0086,0.0072,0.0046,0.0042,0.0038,0.0035,0.0032,0.0031,0.0028,0.0032,0.0063,0.0082,0.0052,-0.0003,0
05_06_V3_BROKEWEST,BROKEWEST,CSIRO,2006-02-17T20:20:00Z,2006,02,17,20,20,00,69.98611,-63.33602,30,05_06_V3_BROKEWEST_2006-02-17T20:20:00Z,ap,m-1,0.0245,0.0244,0.0239,0.0224,0.0214,0.0104,0.0089,0.0074,0.0046,0.0044,0.0037,0.0033,0.0032,0.0034,0.0032,0.0032,0.007,0.0091,0.0057,0.0003,0
05_06_V3_BROKEWEST,BROKEWEST,CSIRO,2006-02-17T20:20:00Z,2006,02,17,20,20,00,69.98611,-63.33602,70,05_06_V3_BROKEWEST_2006-02-17T20:20:00Z,ap,m-1,0.0117,0.0117,0.0116,0.0109,0.0107,0.0051,0.0046,0.0039,0.0027,0.0023,0.002,0.0019,0.0017,0.002,0.0019,0.0016,0.0034,0.0044,0.0029,0,-0.0001
05_06_V3_BROKEWEST,BROKEWEST,CSIRO,2006-02-18T06:25:00Z,2006,02,18,06,25,00,70.00075,-63.98896,10,05_06_V3_BROKEWEST_2006-02-18T06:25:00Z,ap,m-1,0.0144,0.0144,0.0149,0.0138,0.0131,0.0064,0.0055,0.0044,0.0029,0.0027,0.0023,0.0023,0.0021,0.002,0.0018,0.002,0.0038,0.0047,0.0029,0.0003,-0.0001
05_06_V3_BROKEWEST,BROKEWEST,CSIRO,2006-02-18T06:25:00Z,2006,02,18,06,25,00,70.00075,-63.98896,50,05_06_V3_BROKEWEST_2006-02-18T06:25:00Z,ap,m-1,0.0131,0.0132,0.0147,0.0133,0.0129,0.0066,0.0057,0.0049,0.0033,0.0032,0.0027,0.0026,0.0025,0.0023,0.0019,0.0021,0.0039,0.0049,0.0031,0.0003,-0.0001
05_06_V3_BROKEWEST,BROKEWEST,CSIRO,2006-02-18T06:25:00Z,2006,02,18,06,25,00,70.00075,-63.98896,70,05_06_V3_BROKEWEST_2006-02-18T06:25:00Z,ap,m-1,0.0122,0.0127,0.0131,0.0117,0.0114,0.0057,0.0049,0.004,0.0029,0.0027,0.0023,0.0022,0.0022,0.0022,0.0022,0.0023,0.0041,0.0049,0.0035,0.0004,-0.0001
05_06_V3_BROKEWEST,BROKEWEST,CSIRO,2006-02-18T12:25:00Z,2006,02,18,12,25,00,70.00114,-64.49831,10,05_06_V3_BROKEWEST_2006-02-18T12:25:00Z,ap,m-1,0.0167,0.0173,0.0181,0.0161,0.0157,0.0078,0.007,0.0056,0.0038,0.0037,0.0032,0.0031,0.0029,0.003,0.0029,0.003,0.0058,0.007,0.0047,0.0006,-0.0002
05_06_V3_BROKEWEST,BROKEWEST,CSIRO,2006-02-18T12:25:00Z,2006,02,18,12,25,00,70.00114,-64.49831,55,05_06_V3_BROKEWEST_2006-02-18T12:25:00Z,ap,m-1,0.047,0.048,0.0463,0.0419,0.0407,0.0223,0.0201,0.0174,0.0125,0.0116,0.0102,0.0097,0.0097,0.0093,0.0088,0.009,0.015,0.0177,0.0107,0.0004,-0.0002
05_06_V3_BROKEWEST,BROKEWEST,CSIRO,2006-02-18T12:25:00Z,2006,02,18,12,25,00,70.00114,-64.49831,70,05_06_V3_BROKEWEST_2006-02-18T12:25:00Z,ap,m-1,0.0197,0.0202,0.0197,0.0181,0.0172,0.0065,0.0056,0.0046,0.0029,0.0029,0.0025,0.0023,0.0022,0.0019,0.0018,0.0021,0.0038,0.0046,0.0031,0.0003,-0.0002
05_06_V3_BROKEWEST,BROKEWEST,CSIRO,2006-02-18T22:22:00Z,2006,02,18,22,22,00,69.97908,-64.99265,10,05_06_V3_BROKEWEST_2006-02-18T22:22:00Z,ap,m-1,0.0155,0.0153,0.0144,0.0129,0.0126,0.0064,0.0056,0.0048,0.0033,0.0029,0.0027,0.0027,0.0026,0.0023,0.002,0.0019,0.0038,0.0047,0.003,0.0002,0.0002
05_06_V3_BROKEWEST,BROKEWEST,CSIRO,2006-02-18T22:22:00Z,2006,02,18,22,22,00,69.97908,-64.99265,50,05_06_V3_BROKEWEST_2006-02-18T22:22:00Z,ap,m-1,0.0215,0.0215,0.0214,0.0198,0.0193,0.0116,0.0102,0.0094,0.0071,0.0069,0.0064,0.0061,0.006,0.0061,0.0054,0.0053,0.0078,0.0073,0.0047,0.0007,-0.0001
05_06_V3_BROKEWEST,BROKEWEST,CSIRO,2006-02-18T22:22:00Z,2006,02,18,22,22,00,69.97908,-64.99265,70,05_06_V3_BROKEWEST_2006-02-18T22:22:00Z,ap,m-1,0.0192,0.0198,0.0208,0.0189,0.0189,0.0108,0.0097,0.0084,0.005,0.0046,0.004,0.0036,0.0035,0.0034,0.0032,0.0031,0.007,0.0086,0.0051,0.0004,0
05_06_V3_BROKEWEST,BROKEWEST,CSIRO,2006-02-19T03:56:00Z,2006,02,19,03,56,00,69.98946,-65.50277,10,05_06_V3_BROKEWEST_2006-02-19T03:56:00Z,ap,m-1,0.0123,0.0124,0.0132,0.0119,0.0113,0.0061,0.0051,0.0046,0.0031,0.0028,0.0027,0.0028,0.0027,0.0024,0.0022,0.002,0.0034,0.0044,0.0023,0.0004,-0.0002
05_06_V3_BROKEWEST,BROKEWEST,CSIRO,2006-02-19T03:56:00Z,2006,02,19,03,56,00,69.98946,-65.50277,50,05_06_V3_BROKEWEST_2006-02-19T03:56:00Z,ap,m-1,0.0182,0.0178,0.0181,0.0167,0.0158,0.0078,0.0068,0.006,0.0039,0.0039,0.0031,0.0031,0.0031,0.0029,0.0024,0.0024,0.0055,0.0065,0.004,0.0004,-0.0002
05_06_V3_BROKEWEST,BROKEWEST,CSIRO,2006-02-19T03:56:00Z,2006,02,19,03,56,00,69.98946,-65.50277,70,05_06_V3_BROKEWEST_2006-02-19T03:56:00Z,ap,m-1,0.0169,0.0168,0.0183,0.0165,0.0168,0.009,0.0079,0.0067,0.0044,0.0039,0.0034,0.003,0.003,0.0031,0.0026,0.0025,0.0062,0.0074,0.0048,0.0002,0
05_06_V3_BROKEWEST,BROKEWEST,CSIRO,2006-02-19T03:56:00Z,2006,02,19,03,56,00,69.98946,-65.50277,100,05_06_V3_BROKEWEST_2006-02-19T03:56:00Z,ap,m-1,0.0109,0.0113,0.0118,0.0102,0.0102,0.0055,0.0046,0.0042,0.0028,0.0026,0.0024,0.0023,0.0021,0.0024,0.0021,0.0019,0.0038,0.0047,0.0032,0.0006,-0.0001
05_06_V3_BROKEWEST,BROKEWEST,CSIRO,2006-02-19T11:31:00Z,2006,02,19,11,31,00,70.00237,-66.00081,20,05_06_V3_BROKEWEST_2006-02-19T11:31:00Z,ap,m-1,0.0128,0.0128,0.0139,0.0126,0.0121,0.0053,0.0043,0.0037,0.002,0.0019,0.0018,0.0015,0.0015,0.0013,0.0012,0.0014,0.0031,0.0041,0.0024,0.0001,0
05_06_V3_BROKEWEST,BROKEWEST,CSIRO,2006-02-19T11:31:00Z,2006,02,19,11,31,00,70.00237,-66.00081,50,05_06_V3_BROKEWEST_2006-02-19T11:31:00Z,ap,m-1,0.016,0.0166,0.0168,0.0153,0.0149,0.0071,0.0059,0.0049,0.0027,0.0029,0.0026,0.0023,0.0022,0.0022,0.0022,0.0023,0.0048,0.0061,0.0039,0.0002,0.0001
05_06_V3_BROKEWEST,BROKEWEST,CSIRO,2006-02-19T11:31:00Z,2006,02,19,11,31,00,70.00237,-66.00081,100,05_06_V3_BROKEWEST_2006-02-19T11:31:00Z,ap,m-1,0.0074,0.0081,0.0084,0.0075,0.0071,0.0039,0.0032,0.0027,0.0014,0.0017,0.0017,0.0014,0.0014,0.0013,0.0015,0.0013,0.0023,0.0033,0.0024,0.0006,0.0001
05_06_V3_BROKEWEST,BROKEWEST,CSIRO,2006-02-19T15:36:00Z,2006,02,19,15,36,00,69.97255,-66.24833,10,05_06_V3_BROKEWEST_2006-02-19T15:36:00Z,ap,m-1,0.0144,0.0145,0.0133,0.0121,0.0114,0.0057,0.0048,0.0041,0.0025,0.0025,0.0024,0.0021,0.002,0.002,0.0019,0.0017,0.0029,0.0037,0.0024,0.0003,-0.0001
05_06_V3_BROKEWEST,BROKEWEST,CSIRO,2006-02-19T15:36:00Z,2006,02,19,15,36,00,69.97255,-66.24833,50,05_06_V3_BROKEWEST_2006-02-19T15:36:00Z,ap,m-1,0.0184,0.0189,0.02,0.018,0.0177,0.0092,0.0077,0.0065,0.0035,0.0036,0.0032,0.0029,0.0027,0.0028,0.0027,0.0028,0.0059,0.0074,0.0045,0.0002,0
05_06_V3_BROKEWEST,BROKEWEST,CSIRO,2006-02-19T15:36:00Z,2006,02,19,15,36,00,69.97255,-66.24833,90,05_06_V3_BROKEWEST_2006-02-19T15:36:00Z,ap,m-1,0.0089,0.0088,0.008,0.0072,0.0067,0.0036,0.0031,0.0026,0.0013,0.0016,0.0013,0.0012,0.0012,0.0012,0.001,0.0011,0.0018,0.0025,0.0019,0.0001,0.0002
05_06_V3_BROKEWEST,BROKEWEST,CSIRO,2006-02-19T23:59:00Z,2006,02,19,23,59,00,69.99136,-66.72839,10,05_06_V3_BROKEWEST_2006-02-19T23:59:00Z,ap,m-1,0.0099,0.0107,0.0118,0.0115,0.0111,0.0049,0.0042,0.0033,0.0017,0.0018,0.0015,0.0014,0.0014,0.0015,0.0015,0.0014,0.0028,0.0035,0.0025,0.0003,0
05_06_V3_BROKEWEST,BROKEWEST,CSIRO,2006-02-19T23:59:00Z,2006,02,19,23,59,00,69.99136,-66.72839,50,05_06_V3_BROKEWEST_2006-02-19T23:59:00Z,ap,m-1,0.0129,0.0134,0.0151,0.0143,0.0139,0.0063,0.0055,0.0043,0.0026,0.0022,0.0021,0.0018,0.0019,0.002,0.0019,0.0019,0.0038,0.0049,0.0034,0.0003,0.0002
05_06_V3_BROKEWEST,BROKEWEST,CSIRO,2006-02-19T23:59:00Z,2006,02,19,23,59,00,69.99136,-66.72839,90,05_06_V3_BROKEWEST_2006-02-19T23:59:00Z,ap,m-1,0.0142,0.0152,0.017,0.0156,0.0154,0.008,0.007,0.0057,0.0035,0.0033,0.0028,0.0027,0.0027,0.0028,0.0027,0.0029,0.0057,0.007,0.0054,0.0004,0.0002
05_06_V3_BROKEWEST,BROKEWEST,CSIRO,2006-02-20T04:11:00Z,2006,02,20,04,11,00,69.99149,-66.82312,10,05_06_V3_BROKEWEST_2006-02-20T04:11:00Z,ap,m-1,0.0092,0.0098,0.0111,0.011,0.0103,0.0044,0.0037,0.0029,0.0018,0.0016,0.0016,0.0015,0.0014,0.0015,0.0017,0.0015,0.0027,0.0034,0.0024,0.0002,0.0001
05_06_V3_BROKEWEST,BROKEWEST,CSIRO,2006-02-20T04:11:00Z,2006,02,20,04,11,00,69.99149,-66.82312,60,05_06_V3_BROKEWEST_2006-02-20T04:11:00Z,ap,m-1,0.0099,0.0108,0.012,0.0111,0.011,0.0055,0.005,0.0037,0.0023,0.002,0.0017,0.0017,0.0016,0.0018,0.0017,0.0017,0.0036,0.0045,0.0035,0.0003,0
05_06_V3_BROKEWEST,BROKEWEST,CSIRO,2006-02-20T04:11:00Z,2006,02,20,04,11,00,69.99149,-66.82312,100,05_06_V3_BROKEWEST_2006-02-20T04:11:00Z,ap,m-1,0.0122,0.0131,0.0139,0.0127,0.0125,0.0061,0.0054,0.0042,0.0024,0.0023,0.0022,0.002,0.002,0.0022,0.0022,0.0021,0.0042,0.0053,0.0038,0.0003,0.0001
05_06_V3_BROKEWEST,BROKEWEST,CSIRO,2006-02-20T07:21:00Z,2006,02,20,07,21,00,70.00146,-66.87786,10,05_06_V3_BROKEWEST_2006-02-20T07:21:00Z,ap,m-1,0.0095,0.0101,0.0118,0.0118,0.0108,0.0045,0.0038,0.0028,0.0017,0.0016,0.0013,0.0013,0.0012,0.0015,0.0013,0.0012,0.0027,0.0034,0.0023,0,0
05_06_V3_BROKEWEST,BROKEWEST,CSIRO,2006-02-20T07:21:00Z,2006,02,20,07,21,00,70.00146,-66.87786,60,05_06_V3_BROKEWEST_2006-02-20T07:21:00Z,ap,m-1,0.0145,0.0158,0.0185,0.0172,0.0167,0.0084,0.0072,0.0056,0.0033,0.003,0.0026,0.0025,0.0023,0.0028,0.0026,0.0025,0.0058,0.0074,0.0051,0.0003,0
05_06_V3_BROKEWEST,BROKEWEST,CSIRO,2006-02-20T07:21:00Z,2006,02,20,07,21,00,70.00146,-66.87786,90,05_06_V3_BROKEWEST_2006-02-20T07:21:00Z,ap,m-1,0.008,0.0086,0.0096,0.0089,0.0084,0.0043,0.0037,0.0029,0.0019,0.0018,0.0016,0.0016,0.0015,0.0017,0.0016,0.0015,0.003,0.0037,0.0028,0.0003,-0.0002
05_06_V3_BROKEWEST,BROKEWEST,CSIRO,2006-02-20T10:35:00Z,2006,02,20,10,35,00,70.00433,-67.1769,10,05_06_V3_BROKEWEST_2006-02-20T10:35:00Z,ap,m-1,0.0756,0.0775,0.0734,0.068,0.064,0.0311,0.0263,0.0214,0.0146,0.0133,0.0116,0.0111,0.0103,0.0113,0.0121,0.012,0.0271,0.0332,0.0234,0.0019,-0.0001
05_06_V3_BROKEWEST,BROKEWEST,CSIRO,2006-02-20T10:35:00Z,2006,02,20,10,35,00,70.00433,-67.1769,40,05_06_V3_BROKEWEST_2006-02-20T10:35:00Z,ap,m-1,0.0278,0.028,0.0284,0.0264,0.0249,0.0131,0.0116,0.0097,0.0065,0.006,0.0052,0.0048,0.0047,0.0054,0.0054,0.0054,0.0117,0.0142,0.0101,0.0007,0
05_06_V3_BROKEWEST,BROKEWEST,CSIRO,2006-02-20T10:35:00Z,2006,02,20,10,35,00,70.00433,-67.1769,70,05_06_V3_BROKEWEST_2006-02-20T10:35:00Z,ap,m-1,0.005,0.0056,0.005,0.0049,0.0043,0.0026,0.0024,0.0018,0.0013,0.0013,0.0012,0.0012,0.001,0.0012,0.0011,0.0009,0.0018,0.002,0.0016,0.0002,0.0001
05_06_V3_BROKEWEST,BROKEWEST,CSIRO,2006-02-20T18:16:00Z,2006,02,20,18,16,00,70.98589,-67.30673,10,05_06_V3_BROKEWEST_2006-02-20T18:16:00Z,ap,m-1,0.1187,0.1223,0.1269,0.1202,0.1147,0.055,0.0466,0.0378,0.0238,0.0219,0.0194,0.0174,0.016,0.0176,0.0191,0.02,0.0452,0.0561,0.0352,0.0019,0.0001
05_06_V3_BROKEWEST,BROKEWEST,CSIRO,2006-02-20T18:16:00Z,2006,02,20,18,16,00,70.98589,-67.30673,40,05_06_V3_BROKEWEST_2006-02-20T18:16:00Z,ap,m-1,0.0513,0.0532,0.054,0.0515,0.049,0.0241,0.0211,0.0178,0.0113,0.0102,0.009,0.0084,0.0078,0.0084,0.0086,0.0088,0.0188,0.0235,0.0166,0.001,0
05_06_V3_BROKEWEST,BROKEWEST,CSIRO,2006-02-20T18:16:00Z,2006,02,20,18,16,00,70.98589,-67.30673,80,05_06_V3_BROKEWEST_2006-02-20T18:16:00Z,ap,m-1,0.0106,0.0112,0.0108,0.0104,0.0097,0.005,0.0046,0.0038,0.0024,0.0023,0.002,0.0018,0.0016,0.0017,0.0018,0.0018,0.0032,0.0038,0.0031,0.0005,0.0001
05_06_V3_BROKEWEST,BROKEWEST,CSIRO,2006-02-20T22:43:00Z,2006,02,20,22,43,00,71.97659,-67.31986,10,05_06_V3_BROKEWEST_2006-02-20T22:43:00Z,ap,m-1,0.0828,0.0844,0.0777,0.073,0.0701,0.0327,0.0274,0.0222,0.0146,0.0132,0.0118,0.0107,0.0101,0.011,0.0116,0.0115,0.0252,0.0313,0.0217,0.0022,0.0003
05_06_V3_BROKEWEST,BROKEWEST,CSIRO,2006-02-20T22:43:00Z,2006,02,20,22,43,00,71.97659,-67.31986,30,05_06_V3_BROKEWEST_2006-02-20T22:43:00Z,ap,m-1,0.1022,0.1051,0.1042,0.0973,0.0927,0.0493,0.0436,0.0374,0.0245,0.0222,0.0195,0.0172,0.0163,0.0178,0.0191,0.0196,0.043,0.0533,0.0348,0.003,0
05_06_V3_BROKEWEST,BROKEWEST,CSIRO,2006-02-20T22:43:00Z,2006,02,20,22,43,00,71.97659,-67.31986,80,05_06_V3_BROKEWEST_2006-02-20T22:43:00Z,ap,m-1,0.0107,0.011,0.0109,0.0097,0.0094,0.0053,0.0048,0.0041,0.0027,0.0026,0.0023,0.0021,0.0019,0.0021,0.0021,0.002,0.0037,0.0045,0.0033,0.0004,0
05_06_V3_BROKEWEST,BROKEWEST,CSIRO,2006-02-21T04:25:00Z,2006,02,21,04,25,00,72.99587,-67.32153,10,05_06_V3_BROKEWEST_2006-02-21T04:25:00Z,ap,m-1,0.0259,0.027,0.0284,0.026,0.0248,0.0117,0.0099,0.0081,0.0051,0.0048,0.004,0.0039,0.0035,0.0037,0.0041,0.0043,0.01,0.0128,0.009,0.0003,0.0003
05_06_V3_BROKEWEST,BROKEWEST,CSIRO,2006-02-21T04:25:00Z,2006,02,21,04,25,00,72.99587,-67.32153,30,05_06_V3_BROKEWEST_2006-02-21T04:25:00Z,ap,m-1,0.0842,0.0855,0.0859,0.0786,0.077,0.0412,0.0368,0.031,0.0193,0.0174,0.0146,0.0138,0.0129,0.0136,0.0148,0.0152,0.0333,0.0421,0.0273,0.0006,0.0002
05_06_V3_BROKEWEST,BROKEWEST,CSIRO,2006-02-21T04:25:00Z,2006,02,21,04,25,00,72.99587,-67.32153,90,05_06_V3_BROKEWEST_2006-02-21T04:25:00Z,ap,m-1,0.0028,0.0031,0.0024,0.0019,0.0024,0.0012,0.0012,0.0008,0.0007,0.0009,0.0006,0.0007,0.0006,0.0005,0.0004,0.0006,0.0005,0.0008,0.0007,-0.0001,0.0001
05_06_V3_BROKEWEST,BROKEWEST,CSIRO,2006-02-24T03:01:00Z,2006,02,24,03,01,00,80.00052,-60.99011,10,05_06_V3_BROKEWEST_2006-02-24T03:01:00Z,ap,m-1,0.0329,0.033,0.0306,0.0279,0.0272,0.0134,0.0112,0.0091,0.0058,0.0054,0.0045,0.0044,0.0042,0.0045,0.0046,0.0048,0.01,0.0125,0.0084,0.0005,0
05_06_V3_BROKEWEST,BROKEWEST,CSIRO,2006-02-24T03:01:00Z,2006,02,24,03,01,00,80.00052,-60.99011,40,05_06_V3_BROKEWEST_2006-02-24T03:01:00Z,ap,m-1,0.0363,0.0371,0.0357,0.0319,0.0313,0.0157,0.0135,0.0109,0.0068,0.0064,0.0055,0.0051,0.0048,0.0052,0.0051,0.0054,0.0116,0.0145,0.0096,0.0005,0.0001
05_06_V3_BROKEWEST,BROKEWEST,CSIRO,2006-02-24T03:01:00Z,2006,02,24,03,01,00,80.00052,-60.99011,90,05_06_V3_BROKEWEST_2006-02-24T03:01:00Z,ap,m-1,0.0105,0.011,0.0104,0.0094,0.0093,0.005,0.0045,0.0037,0.0025,0.0024,0.0019,0.0019,0.0018,0.0018,0.0018,0.0019,0.0034,0.0043,0.0031,0.0003,0.0001
05_06_V3_BROKEWEST,BROKEWEST,CSIRO,2006-02-24T10:12:00Z,2006,02,24,10,12,00,79.99634,-61.66233,10,05_06_V3_BROKEWEST_2006-02-24T10:12:00Z,ap,m-1,0.0228,0.0237,0.0228,0.0211,0.0205,0.0097,0.0081,0.0066,0.0042,0.0036,0.0031,0.0029,0.0028,0.0031,0.003,0.003,0.0066,0.0085,0.0056,0.0004,0
05_06_V3_BROKEWEST,BROKEWEST,CSIRO,2006-02-24T10:12:00Z,2006,02,24,10,12,00,79.99634,-61.66233,45,05_06_V3_BROKEWEST_2006-02-24T10:12:00Z,ap,m-1,0.0292,0.0306,0.0291,0.0268,0.0263,0.0127,0.011,0.0091,0.0056,0.0051,0.0044,0.004,0.0037,0.0041,0.0039,0.004,0.0092,0.0118,0.0076,0.0005,0
05_06_V3_BROKEWEST,BROKEWEST,CSIRO,2006-02-24T10:12:00Z,2006,02,24,10,12,00,79.99634,-61.66233,90,05_06_V3_BROKEWEST_2006-02-24T10:12:00Z,ap,m-1,0.0116,0.0123,0.0114,0.0105,0.0104,0.0056,0.0051,0.0043,0.0028,0.0027,0.0023,0.0022,0.002,0.0022,0.002,0.002,0.0036,0.0045,0.0033,0.0004,-0.0001
05_06_V3_BROKEWEST,BROKEWEST,CSIRO,2006-02-25T10:21:00Z,2006,02,25,10,21,00,80.01038,-63.00272,10,05_06_V3_BROKEWEST_2006-02-25T10:21:00Z,ap,m-1,0.0201,0.0209,0.0203,0.0187,0.0185,0.0087,0.0073,0.006,0.0034,0.0032,0.0029,0.0028,0.0026,0.0028,0.0028,0.0027,0.0058,0.0073,0.0047,0.0002,-0.0001
05_06_V3_BROKEWEST,BROKEWEST,CSIRO,2006-02-25T10:21:00Z,2006,02,25,10,21,00,80.01038,-63.00272,60,05_06_V3_BROKEWEST_2006-02-25T10:21:00Z,ap,m-1,0.0197,0.0209,0.02,0.0186,0.0185,0.0097,0.0083,0.007,0.0045,0.004,0.0037,0.0032,0.0028,0.0034,0.0032,0.0033,0.007,0.0087,0.0058,0.0006,-0.0001
05_06_V3_BROKEWEST,BROKEWEST,CSIRO,2006-02-25T10:21:00Z,2006,02,25,10,21,00,80.01038,-63.00272,100,05_06_V3_BROKEWEST_2006-02-25T10:21:00Z,ap,m-1,0.0086,0.0088,0.0084,0.0071,0.0073,0.0037,0.0034,0.0028,0.0019,0.0018,0.0017,0.0016,0.0015,0.0016,0.0015,0.0015,0.0025,0.0031,0.0023,0.0004,-0.0002
05_06_V3_BROKEWEST,BROKEWEST,CSIRO,2006-02-25T17:22:00Z,2006,02,25,17,22,00,80.00244,-63.50187,10,05_06_V3_BROKEWEST_2006-02-25T17:22:00Z,ap,m-1,0.0197,0.0204,0.0207,0.0189,0.0182,0.0088,0.0074,0.0059,0.0036,0.0031,0.0028,0.0026,0.0024,0.0025,0.0025,0.0025,0.0059,0.0074,0.0048,0.0001,-0.0001
05_06_V3_BROKEWEST,BROKEWEST,CSIRO,2006-02-25T17:22:00Z,2006,02,25,17,22,00,80.00244,-63.50187,40,05_06_V3_BROKEWEST_2006-02-25T17:22:00Z,ap,m-1,0.0279,0.0283,0.028,0.0254,0.0244,0.012,0.0103,0.0085,0.0053,0.0047,0.004,0.0037,0.0037,0.0035,0.0036,0.0037,0.0082,0.0105,0.0064,0.0004,0.0001
05_06_V3_BROKEWEST,BROKEWEST,CSIRO,2006-02-25T17:22:00Z,2006,02,25,17,22,00,80.00244,-63.50187,100,05_06_V3_BROKEWEST_2006-02-25T17:22:00Z,ap,m-1,0.012,0.0122,0.0118,0.0106,0.0101,0.0056,0.0047,0.004,0.0028,0.0025,0.0021,0.0023,0.002,0.0021,0.0021,0.0019,0.0036,0.0044,0.0033,0.0006,-0.0003
05_06_V3_BROKEWEST,BROKEWEST,CSIRO,2006-02-25T23:21:00Z,2006,02,25,23,21,00,80.01234,-64.00353,10,05_06_V3_BROKEWEST_2006-02-25T23:21:00Z,ap,m-1,0.0188,0.0195,0.0193,0.0176,0.0167,0.0075,0.0062,0.0049,0.0028,0.0022,0.0019,0.0018,0.0017,0.0015,0.0016,0.0015,0.005,0.0067,0.0042,-0.0001,-0.0002
05_06_V3_BROKEWEST,BROKEWEST,CSIRO,2006-02-25T23:21:00Z,2006,02,25,23,21,00,80.01234,-64.00353,50,05_06_V3_BROKEWEST_2006-02-25T23:21:00Z,ap,m-1,0.0247,0.0262,0.0262,0.024,0.023,0.0118,0.0102,0.0087,0.0053,0.0046,0.004,0.0035,0.0034,0.0032,0.0031,0.0031,0.0077,0.01,0.006,0.0001,0
05_06_V3_BROKEWEST,BROKEWEST,CSIRO,2006-02-25T23:21:00Z,2006,02,25,23,21,00,80.01234,-64.00353,70,05_06_V3_BROKEWEST_2006-02-25T23:21:00Z,ap,m-1,0.0204,0.0211,0.0216,0.0193,0.0187,0.0096,0.0085,0.0071,0.0043,0.0038,0.0034,0.003,0.003,0.0033,0.0032,0.0032,0.0071,0.0089,0.0063,0.0006,-0.0002
05_06_V3_BROKEWEST,BROKEWEST,CSIRO,2006-02-26T05:55:00Z,2006,02,26,05,55,00,79.99633,-64.49858,10,05_06_V3_BROKEWEST_2006-02-26T05:55:00Z,ap,m-1,0.0197,0.0194,0.018,0.0174,0.0161,0.0073,0.0063,0.005,0.0029,0.0026,0.0024,0.0022,0.0022,0.0022,0.0023,0.0023,0.0063,0.0071,0.0034,0.0003,0.0001
05_06_V3_BROKEWEST,BROKEWEST,CSIRO,2006-02-26T05:55:00Z,2006,02,26,05,55,00,79.99633,-64.49858,60,05_06_V3_BROKEWEST_2006-02-26T05:55:00Z,ap,m-1,0.0175,0.0176,0.0166,0.0158,0.0149,0.0078,0.0067,0.0056,0.0034,0.0031,0.0028,0.0027,0.0025,0.0027,0.0026,0.0027,0.0062,0.0069,0.0037,0.0004,0.0001
05_06_V3_BROKEWEST,BROKEWEST,CSIRO,2006-02-26T05:55:00Z,2006,02,26,05,55,00,79.99633,-64.49858,90,05_06_V3_BROKEWEST_2006-02-26T05:55:00Z,ap,m-1,0.0284,0.028,0.026,0.0245,0.0231,0.0122,0.0106,0.0089,0.0054,0.0048,0.0043,0.0041,0.004,0.0041,0.0039,0.0042,0.0101,0.0113,0.0056,0.0005,0.0002
05_06_V3_BROKEWEST,BROKEWEST,CSIRO,2006-02-26T12:43:00Z,2006,02,26,12,43,00,79.9863,-65.00593,10,05_06_V3_BROKEWEST_2006-02-26T12:43:00Z,ap,m-1,0.0245,0.0252,0.0254,0.0236,0.0222,0.0106,0.0089,0.0071,0.0047,0.0041,0.0037,0.0033,0.0034,0.0032,0.0032,0.0033,0.007,0.0091,0.0059,0.0004,-0.0003
05_06_V3_BROKEWEST,BROKEWEST,CSIRO,2006-02-26T12:43:00Z,2006,02,26,12,43,00,79.9863,-65.00593,55,05_06_V3_BROKEWEST_2006-02-26T12:43:00Z,ap,m-1,0.037,0.0367,0.035,0.0316,0.0304,0.0153,0.0134,0.0115,0.0073,0.0063,0.0054,0.005,0.0049,0.0052,0.0047,0.0049,0.0111,0.014,0.0089,0.0007,0
05_06_V3_BROKEWEST,BROKEWEST,CSIRO,2006-02-26T12:43:00Z,2006,02,26,12,43,00,79.9863,-65.00593,80,05_06_V3_BROKEWEST_2006-02-26T12:43:00Z,ap,m-1,0.0161,0.0165,0.0176,0.0159,0.0154,0.008,0.0071,0.0057,0.0039,0.0033,0.003,0.003,0.0029,0.0031,0.0029,0.003,0.0059,0.0072,0.0053,0.0008,-0.0001
05_06_V3_BROKEWEST,BROKEWEST,CSIRO,2006-02-27T04:49:00Z,2006,02,27,04,49,00,79.98793,-65.82557,10,05_06_V3_BROKEWEST_2006-02-27T04:49:00Z,ap,m-1,0.0131,0.0135,0.0153,0.0141,0.0139,0.0061,0.0047,0.004,0.0025,0.0024,0.0021,0.0019,0.0018,0.0021,0.0021,0.002,0.0039,0.0053,0.0037,0.0003,-0.0001
05_06_V3_BROKEWEST,BROKEWEST,CSIRO,2006-02-27T04:49:00Z,2006,02,27,04,49,00,79.98793,-65.82557,50,05_06_V3_BROKEWEST_2006-02-27T04:49:00Z,ap,m-1,0.0318,0.0335,0.0354,0.0321,0.0312,0.0164,0.0136,0.0114,0.0074,0.0066,0.0061,0.0054,0.0054,0.0065,0.0069,0.0069,0.0138,0.0172,0.0118,0.0007,0
05_06_V3_BROKEWEST,BROKEWEST,CSIRO,2006-02-27T04:49:00Z,2006,02,27,04,49,00,79.98793,-65.82557,90,05_06_V3_BROKEWEST_2006-02-27T04:49:00Z,ap,m-1,0.015,0.0155,0.0156,0.014,0.0137,0.0081,0.0069,0.0062,0.0041,0.0036,0.0034,0.003,0.0029,0.0034,0.0036,0.0036,0.0066,0.0079,0.006,0.0005,0
05_06_V3_BROKEWEST,BROKEWEST,CSIRO,2006-02-27T05:26:00Z,2006,02,27,05,26,00,79.99049,-65.85007,9,05_06_V3_BROKEWEST_2006-02-27T05:26:00Z,ap,m-1,0.0156,0.0161,0.018,0.0163,0.0161,0.0075,0.0056,0.0046,0.003,0.0027,0.0023,0.0021,0.0021,0.0022,0.0026,0.0023,0.005,0.0064,0.0045,0.0002,0.0001
05_06_V3_BROKEWEST,BROKEWEST,CSIRO,2006-02-27T05:26:00Z,2006,02,27,05,26,00,79.99049,-65.85007,50,05_06_V3_BROKEWEST_2006-02-27T05:26:00Z,ap,m-1,0.0392,0.0413,0.0433,0.0391,0.0381,0.0201,0.0172,0.0145,0.0095,0.0086,0.0078,0.0068,0.0068,0.0078,0.0082,0.0082,0.0168,0.0208,0.0145,0.0008,0
05_06_V3_BROKEWEST,BROKEWEST,CSIRO,2006-02-27T05:26:00Z,2006,02,27,05,26,00,79.99049,-65.85007,90,05_06_V3_BROKEWEST_2006-02-27T05:26:00Z,ap,m-1,0.0076,0.0076,0.0076,0.0067,0.0067,0.004,0.0033,0.003,0.0021,0.0021,0.0019,0.0016,0.0016,0.0018,0.0018,0.0015,0.0024,0.0031,0.0023,0.0004,0
05_06_V3_BROKEWEST,BROKEWEST,CSIRO,2006-02-27T09:48:00Z,2006,02,27,09,48,00,79.9806,-65.95613,10,05_06_V3_BROKEWEST_2006-02-27T09:48:00Z,ap,m-1,0.0131,0.0136,0.0151,0.0142,0.0135,0.0058,0.0049,0.0038,0.0024,0.0022,0.002,0.0018,0.0016,0.0017,0.0019,0.0019,0.0039,0.005,0.0035,0.0003,-0.0001
05_06_V3_BROKEWEST,BROKEWEST,CSIRO,2006-02-27T09:48:00Z,2006,02,27,09,48,00,79.9806,-65.95613,40,05_06_V3_BROKEWEST_2006-02-27T09:48:00Z,ap,m-1,0.0148,0.0151,0.0176,0.016,0.0158,0.0068,0.0058,0.0045,0.0028,0.0025,0.0023,0.0022,0.0021,0.0022,0.0022,0.0023,0.0049,0.0063,0.0044,0.0004,-0.0001
05_06_V3_BROKEWEST,BROKEWEST,CSIRO,2006-02-27T09:48:00Z,2006,02,27,09,48,00,79.9806,-65.95613,90,05_06_V3_BROKEWEST_2006-02-27T09:48:00Z,ap,m-1,0.0049,0.005,0.0049,0.0046,0.0045,0.0024,0.0021,0.0018,0.0011,0.0011,0.001,0.001,0.0008,0.0009,0.0009,0.0009,0.0015,0.0019,0.0014,0.0002,0
05_06_V3_BROKEWEST,BROKEWEST,CSIRO,2006-02-27T13:12:00Z,2006,02,27,13,12,00,79.99458,-66.02561,10,05_06_V3_BROKEWEST_2006-02-27T13:12:00Z,ap,m-1,0.0164,0.0169,0.0182,0.0173,0.0171,0.0076,0.0067,0.0054,0.0037,0.0035,0.0031,0.0029,0.0028,0.0026,0.0028,0.0026,0.0045,0.0058,0.0042,0.0005,-0.0001
05_06_V3_BROKEWEST,BROKEWEST,CSIRO,2006-02-27T13:12:00Z,2006,02,27,13,12,00,79.99458,-66.02561,40,05_06_V3_BROKEWEST_2006-02-27T13:12:00Z,ap,m-1,0.0139,0.0145,0.0168,0.0158,0.0152,0.0066,0.0054,0.0042,0.0026,0.0023,0.0021,0.0019,0.0019,0.0021,0.0021,0.0021,0.0046,0.0059,0.0042,0.0002,-0.0001
05_06_V3_BROKEWEST,BROKEWEST,CSIRO,2006-02-27T13:12:00Z,2006,02,27,13,12,00,79.99458,-66.02561,70,05_06_V3_BROKEWEST_2006-02-27T13:12:00Z,ap,m-1,0.0081,0.0082,0.0087,0.008,0.008,0.0038,0.0036,0.0028,0.0018,0.0018,0.0016,0.0014,0.0014,0.0015,0.0016,0.0015,0.0029,0.0037,0.0027,0.0004,-0.0001
05_06_V3_BROKEWEST,BROKEWEST,CSIRO,2006-02-27T16:07:00Z,2006,02,27,16,07,00,79.96041,-66.13425,10,05_06_V3_BROKEWEST_2006-02-27T16:07:00Z,ap,m-1,0.0116,0.0131,0.0157,0.0147,0.0144,0.0054,0.0045,0.0035,0.0022,0.0018,0.0015,0.0015,0.0014,0.0017,0.0015,0.0016,0.0036,0.0048,0.0033,0.0001,-0.0001
05_06_V3_BROKEWEST,BROKEWEST,CSIRO,2006-02-27T16:07:00Z,2006,02,27,16,07,00,79.96041,-66.13425,35,05_06_V3_BROKEWEST_2006-02-27T16:07:00Z,ap,m-1,0.0137,0.0152,0.0179,0.0165,0.0164,0.0069,0.0057,0.0046,0.0028,0.0024,0.0021,0.002,0.0019,0.0023,0.0021,0.0022,0.0049,0.0065,0.0046,0.0002,-0.0001
05_06_V3_BROKEWEST,BROKEWEST,CSIRO,2006-02-27T16:07:00Z,2006,02,27,16,07,00,79.96041,-66.13425,80,05_06_V3_BROKEWEST_2006-02-27T16:07:00Z,ap,m-1,0.0062,0.0069,0.0074,0.0066,0.0066,0.0032,0.0028,0.0023,0.0015,0.0014,0.0012,0.0012,0.0011,0.0014,0.0011,0.0011,0.002,0.0026,0.002,0.0002,-0.0001
05_06_V3_BROKEWEST,BROKEWEST,CSIRO,2006-02-27T21:08:00Z,2006,02,27,21,08,00,79.97774,-66.40841,10,05_06_V3_BROKEWEST_2006-02-27T21:08:00Z,ap,m-1,0.0163,0.0179,0.0205,0.0189,0.018,0.008,0.0067,0.0054,0.0034,0.0031,0.0027,0.0025,0.0023,0.0026,0.0025,0.0027,0.006,0.0078,0.0054,0.0004,-0.0002
05_06_V3_BROKEWEST,BROKEWEST,CSIRO,2006-02-27T21:08:00Z,2006,02,27,21,08,00,79.97774,-66.40841,30,05_06_V3_BROKEWEST_2006-02-27T21:08:00Z,ap,m-1,0.0222,0.0244,0.027,0.0245,0.0239,0.0114,0.0096,0.0079,0.0049,0.0042,0.0036,0.0036,0.0032,0.0037,0.0034,0.0036,0.0084,0.0107,0.0073,0.0006,-0.0002
05_06_V3_BROKEWEST,BROKEWEST,CSIRO,2006-02-27T21:08:00Z,2006,02,27,21,08,00,79.97774,-66.40841,70,05_06_V3_BROKEWEST_2006-02-27T21:08:00Z,ap,m-1,0.0089,0.0094,0.0093,0.0081,0.0079,0.0044,0.0037,0.0032,0.0022,0.0019,0.0018,0.0017,0.0016,0.0018,0.0016,0.0016,0.0031,0.0039,0.0031,0.0005,0
05_06_V3_BROKEWEST,BROKEWEST,CSIRO,2006-02-27T21:09:00Z,2006,02,27,21,09,00,80.00882,-66.74711,10,05_06_V3_BROKEWEST_2006-02-27T21:09:00Z,ap,m-1,0.0313,0.032,0.0333,0.0305,0.0289,0.0135,0.0115,0.0093,0.0061,0.0054,0.0049,0.0045,0.0042,0.0045,0.0045,0.0047,0.0106,0.0135,0.0095,0.0004,0
05_06_V3_BROKEWEST,BROKEWEST,CSIRO,2006-02-27T21:09:00Z,2006,02,27,21,09,00,80.00882,-66.74711,30,05_06_V3_BROKEWEST_2006-02-27T21:09:00Z,ap,m-1,0.0275,0.0276,0.029,0.0263,0.025,0.0127,0.0113,0.0093,0.006,0.0053,0.0049,0.0044,0.004,0.0042,0.0043,0.0045,0.0107,0.0132,0.0091,0.0005,0
05_06_V3_BROKEWEST,BROKEWEST,CSIRO,2006-02-27T21:09:00Z,2006,02,27,21,09,00,80.00882,-66.74711,80,05_06_V3_BROKEWEST_2006-02-27T21:09:00Z,ap,m-1,0.0073,0.0071,0.0066,0.0057,0.0053,0.0031,0.0028,0.0023,0.0016,0.0015,0.0015,0.0014,0.0011,0.0013,0.0012,0.0012,0.002,0.0023,0.0018,0.0003,0.0001
