"","V1","V2","V3","V4","V5"
"400"," 400","0.0231","0.0231","0.0422","2.88e-06"
"425"," 425","0.0261","0.0261","0.0403","2.88e-06"
"450"," 450","0.0260","0.0260","0.0403","2.88e-06"
"475"," 475","0.0213","0.0213","0.0425","2.88e-06"
"500"," 500","0.0173","0.0173","0.0434","2.88e-06"
"525"," 525","0.0110","0.0110","0.0442","2.88e-06"
"550"," 550","0.0071","0.0071","0.0437","2.88e-06"
"575"," 575","0.0048","0.0048","0.0431","2.88e-06"
"600"," 600","0.0044","0.0044","0.0421","2.88e-06"
"625"," 625","0.0055","0.0055","0.0409","2.88e-06"
"650"," 650","0.0064","0.0064","0.0388","2.88e-06"
"675"," 675","0.0127","0.0127","0.0359","2.88e-06"
"700"," 700","0.0058","0.0058","0.0371","2.88e-06"
